id,pregunta,asignatura,curso,tema,tipo_ejercicio,foco_auto,criterio_auto,licencia_auto,fuente_original,confianza,foco_final,criterio_final,licencia_final,verificado,notas
cuarto-primaria-galicia-PARTE1_38,"¿Qué fracción representa la mitad?",Sin especificar,4º Primaria,Fracciones,Mitad,PROCEDIMIENTO,,PROPRIETARY,"Creación propia - EduAnalytics",0.44,PROCEDIMIENTO,,PROPRIETARY,false,""
cuarto-primaria-galicia-PARTE1_39,"¿Qué fracción representa un cuarto?",Sin especificar,4º Primaria,Fracciones,Cuarto,PROCEDIMIENTO,,PROPRIETARY,"Creación propia - EduAnalytics",0.44,PROCEDIMIENTO,,PROPRIETARY,false,""
cuarto-primaria-galicia-PARTE1_42,"Si coloreas 2 partes de 4, ¿qué fracción has coloreado?",Sin especificar,4º Primaria,Fracciones,Colorear,PROCEDIMIENTO,,PROPRIETARY,"Creación propia - EduAnalytics",0.44,PROCEDIMIENTO,,PROPRIETARY,false,""
cuarto-primaria-galicia-PARTE1_45,"¿Qué fracción representa un tercio?",Sin especificar,4º Primaria,Fracciones,Tercio,PROCEDIMIENTO,,PROPRIETARY,"Creación propia - EduAnalytics",0.44,PROCEDIMIENTO,,PROPRIETARY,false,""
cuarto-primaria-galicia-PARTE1_48,"Si juntas 1/4 + 1/4, ¿qué fracción tienes?",Sin especificar,4º Primaria,Fracciones,Suma visual,PROCEDIMIENTO,,PROPRIETARY,"Creación propia - EduAnalytics",0.44,PROCEDIMIENTO,,PROPRIETARY,false,""
cuarto-primaria-galicia-PARTE1_54,"Una película dura 2 horas y 15 minutos. Si empieza a las 4:30, ¿a qué hora termina?",Sin especificar,4º Primaria,Problemas,Tiempo,PROCEDIMIENTO,,PROPRIETARY,"Creación propia - EduAnalytics",0.44,PROCEDIMIENTO,,PROPRIETARY,false,""
cuarto-primaria-galicia-PARTE1_69,"Separa correctamente: ""Micasaesgrande""",Sin especificar,4º Primaria,Lengua Castellana,Separar palabras,PROCEDIMIENTO,,PROPRIETARY,"Creación propia - EduAnalytics",0.44,PROCEDIMIENTO,,PROPRIETARY,false,""
cuarto-primaria-galicia-PARTE1_70,"Añade el punto: ""Hoy hace buen día""",Sin especificar,4º Primaria,Lengua Castellana,Punto final,PROCEDIMIENTO,,PROPRIETARY,"Creación propia - EduAnalytics",0.44,PROCEDIMIENTO,,PROPRIETARY,false,""
cuarto-primaria-galicia-PARTE1_71,"Añade comas: ""Compré pan leche queso y jamón""",Sin especificar,4º Primaria,Lengua Castellana,Coma en lista,PROCEDIMIENTO,,PROPRIETARY,"Creación propia - EduAnalytics",0.44,PROCEDIMIENTO,,PROPRIETARY,false,""
cuarto-primaria-galicia-PARTE1_72,"¿Cuál lleva tilde: ""Ratón"" o ""Mesa""?",Sin especificar,4º Primaria,Lengua Castellana,Palabras agudas,PROCEDIMIENTO,,PROPRIETARY,"Creación propia - EduAnalytics",0.44,PROCEDIMIENTO,,PROPRIETARY,false,""
cuarto-primaria-galicia-PARTE2_1,"¿Cuáles son las 3 funciones vitales de los seres vivos?",Sin especificar,4º Primaria,Ciencias de la Naturaleza,Funciones vitales,PROCEDIMIENTO,,PROPRIETARY,"Creación propia - EduAnalytics",0.44,PROCEDIMIENTO,,PROPRIETARY,false,""
cuarto-primaria-galicia-PARTE2_2,"Di 3 animales vertebrados",Sin especificar,4º Primaria,Ciencias de la Naturaleza,Reino animal,PROCEDIMIENTO,,PROPRIETARY,"Creación propia - EduAnalytics",0.44,PROCEDIMIENTO,,PROPRIETARY,false,""
cuarto-primaria-galicia-PARTE2_3,"¿Qué necesitan las plantas para hacer la fotosíntesis?",Sin especificar,4º Primaria,Ciencias de la Naturaleza,Reino vegetal,PROCEDIMIENTO,,PROPRIETARY,"Creación propia - EduAnalytics",0.44,PROCEDIMIENTO,,PROPRIETARY,false,""
cuarto-primaria-galicia-PARTE2_4,"Ordena la cadena: León, cebra, hierba",Sin especificar,4º Primaria,Ciencias de la Naturaleza,Cadena alimentaria,PROCEDIMIENTO,,PROPRIETARY,"Creación propia - EduAnalytics",0.44,PROCEDIMIENTO,,PROPRIETARY,false,""
cuarto-primaria-galicia-PARTE2_5,"Di 2 animales herbívoros",Sin especificar,4º Primaria,Ciencias de la Naturaleza,Herbívoros,PROCEDIMIENTO,,PROPRIETARY,"Creación propia - EduAnalytics",0.44,PROCEDIMIENTO,,PROPRIETARY,false,""
cuarto-primaria-galicia-PARTE2_6,"Di 2 animales carnívoros",Sin especificar,4º Primaria,Ciencias de la Naturaleza,Carnívoros,PROCEDIMIENTO,,PROPRIETARY,"Creación propia - EduAnalytics",0.44,PROCEDIMIENTO,,PROPRIETARY,false,""
cuarto-primaria-galicia-PARTE2_7,"¿Qué come un animal omnívoro?",Sin especificar,4º Primaria,Ciencias de la Naturaleza,Omnívoros,PROCEDIMIENTO,,PROPRIETARY,"Creación propia - EduAnalytics",0.44,PROCEDIMIENTO,,PROPRIETARY,false,""
cuarto-primaria-galicia-PARTE2_8,"¿Cuáles son las partes principales de una planta?",Sin especificar,4º Primaria,Ciencias de la Naturaleza,Partes de la planta,PROCEDIMIENTO,,PROPRIETARY,"Creación propia - EduAnalytics",0.44,PROCEDIMIENTO,,PROPRIETARY,false,""
cuarto-primaria-galicia-PARTE2_9,"Di un animal típico de los bosques gallegos",Sin especificar,4º Primaria,Ciencias de la Naturaleza,Animales de Galicia,PROCEDIMIENTO,,PROPRIETARY,"Creación propia - EduAnalytics",0.44,PROCEDIMIENTO,,PROPRIETARY,false,""
cuarto-primaria-galicia-PARTE2_11,"¿Qué gas respiramos las personas?",Sin especificar,4º Primaria,Ciencias de la Naturaleza,Respiración,PROCEDIMIENTO,,PROPRIETARY,"Creación propia - EduAnalytics",0.44,PROCEDIMIENTO,,PROPRIETARY,false,""
cuarto-primaria-galicia-PARTE2_12,"Di 2 animales que nacen de huevo",Sin especificar,4º Primaria,Ciencias de la Naturaleza,Animales ovíparos,PROCEDIMIENTO,,PROPRIETARY,"Creación propia - EduAnalytics",0.44,PROCEDIMIENTO,,PROPRIETARY,false,""
cuarto-primaria-galicia-PARTE2_38,"Di las 4 provincias de Galicia",Sin especificar,4º Primaria,Ciencias Sociales,Provincias,PROCEDIMIENTO,,PROPRIETARY,"Creación propia - EduAnalytics",0.44,PROCEDIMIENTO,,PROPRIETARY,false,""
cuarto-primaria-galicia-PARTE2_39,"Di 2 ríos de Galicia",Sin especificar,4º Primaria,Ciencias Sociales,Ríos,PROCEDIMIENTO,,PROPRIETARY,"Creación propia - EduAnalytics",0.44,PROCEDIMIENTO,,PROPRIETARY,false,""
cuarto-primaria-galicia-PARTE2_40,"¿Qué mar baña Galicia?",Sin especificar,4º Primaria,Ciencias Sociales,Costa,PROCEDIMIENTO,,PROPRIETARY,"Creación propia - EduAnalytics",0.44,PROCEDIMIENTO,,PROPRIETARY,false,""
cuarto-primaria-galicia-PARTE2_41,"Di 3 ciudades importantes de Galicia",Sin especificar,4º Primaria,Ciencias Sociales,Ciudades,PROCEDIMIENTO,,PROPRIETARY,"Creación propia - EduAnalytics",0.44,PROCEDIMIENTO,,PROPRIETARY,false,""
cuarto-primaria-galicia-PARTE2_42,"¿A dónde llega el Camino de Santiago?",Sin especificar,4º Primaria,Ciencias Sociales,Camino de Santiago,PROCEDIMIENTO,,PROPRIETARY,"Creación propia - EduAnalytics",0.44,PROCEDIMIENTO,,PROPRIETARY,false,""
cuarto-primaria-galicia-PARTE2_43,"¿De qué colores es la bandera de Galicia?",Sin especificar,4º Primaria,Ciencias Sociales,Símbolos,PROCEDIMIENTO,,PROPRIETARY,"Creación propia - EduAnalytics",0.44,PROCEDIMIENTO,,PROPRIETARY,false,""
cuarto-primaria-galicia-PARTE2_44,"Di 2 platos típicos de Galicia",Sin especificar,4º Primaria,Ciencias Sociales,Gastronomía,PROCEDIMIENTO,,PROPRIETARY,"Creación propia - EduAnalytics",0.44,PROCEDIMIENTO,,PROPRIETARY,false,""
cuarto-primaria-galicia-PARTE2_45,"¿Cuándo es el Día de Galicia?",Sin especificar,4º Primaria,Ciencias Sociales,Fiestas,PROCEDIMIENTO,,PROPRIETARY,"Creación propia - EduAnalytics",0.44,PROCEDIMIENTO,,PROPRIETARY,false,""
cuarto-primaria-galicia-PARTE2_46,"Di un paisaje típico de Galicia",Sin especificar,4º Primaria,Ciencias Sociales,Paisajes,PROCEDIMIENTO,,PROPRIETARY,"Creación propia - EduAnalytics",0.44,PROCEDIMIENTO,,PROPRIETARY,false,""
cuarto-primaria-galicia-PARTE2_47,"¿Qué instrumento musical es típico de Galicia?",Sin especificar,4º Primaria,Ciencias Sociales,Tradiciones,PROCEDIMIENTO,,PROPRIETARY,"Creación propia - EduAnalytics",0.44,PROCEDIMIENTO,,PROPRIETARY,false,""
cuarto-primaria-galicia-PARTE2_48,"¿Cómo se llamaban los antiguos habitantes de Galicia?",Sin especificar,4º Primaria,Ciencias Sociales,Historia,PROCEDIMIENTO,,PROPRIETARY,"Creación propia - EduAnalytics",0.44,PROCEDIMIENTO,,PROPRIETARY,false,""
cuarto-primaria-galicia-PARTE2_61,"How do you say ""cinco"" in English?",Sin especificar,4º Primaria,Inglés,Numbers 1-10,PROCEDIMIENTO,,PROPRIETARY,"Creación propia - EduAnalytics",0.44,PROCEDIMIENTO,,PROPRIETARY,false,""
cuarto-primaria-galicia-PARTE2_62,"How do you say ""quince"" in English?",Sin especificar,4º Primaria,Inglés,Numbers 11-20,PROCEDIMIENTO,,PROPRIETARY,"Creación propia - EduAnalytics",0.44,PROCEDIMIENTO,,PROPRIETARY,false,""
cuarto-primaria-galicia-PARTE2_63,"Count from 1 to 5 in English",Sin especificar,4º Primaria,Inglés,Counting,PROCEDIMIENTO,,PROPRIETARY,"Creación propia - EduAnalytics",0.44,PROCEDIMIENTO,,PROPRIETARY,false,""
cuarto-primaria-galicia-PARTE2_64,"Complete: ""How ______ apples?",Sin especificar,4º Primaria,Inglés,How many,PROCEDIMIENTO,,PROPRIETARY,"Creación propia - EduAnalytics",0.44,PROCEDIMIENTO,,PROPRIETARY,false,""
cuarto-primaria-galicia-PARTE2_65,"How do you say ""treinta"" in English?",Sin especificar,4º Primaria,Inglés,Numbers 20-100,PROCEDIMIENTO,,PROPRIETARY,"Creación propia - EduAnalytics",0.44,PROCEDIMIENTO,,PROPRIETARY,false,""
cuarto-primaria-galicia-PARTE2_67,"How do you say ""primero"" in English?",Sin especificar,4º Primaria,Inglés,Ordinal numbers,PROCEDIMIENTO,,PROPRIETARY,"Creación propia - EduAnalytics",0.44,PROCEDIMIENTO,,PROPRIETARY,false,""
cuarto-primaria-galicia-PARTE2_68,"How do you say ""segundo"" in English?",Sin especificar,4º Primaria,Inglés,Second,PROCEDIMIENTO,,PROPRIETARY,"Creación propia - EduAnalytics",0.44,PROCEDIMIENTO,,PROPRIETARY,false,""
cuarto-primaria-galicia-PARTE2_69,"How do you say ""tercero"" in English?",Sin especificar,4º Primaria,Inglés,Third,PROCEDIMIENTO,,PROPRIETARY,"Creación propia - EduAnalytics",0.44,PROCEDIMIENTO,,PROPRIETARY,false,""
cuarto-primaria-galicia-PARTE2_71,"How do you say ""rojo"" in English?",Ciencias Naturales,4º Primaria,Colors and Animals,Colors,PROCEDIMIENTO,,PROPRIETARY,"Creación propia - EduAnalytics",0.44,PROCEDIMIENTO,,PROPRIETARY,false,""
cuarto-primaria-galicia-PARTE2_72,"How do you say ""azul"" in English?",Ciencias Naturales,4º Primaria,Colors and Animals,Blue,PROCEDIMIENTO,,PROPRIETARY,"Creación propia - EduAnalytics",0.44,PROCEDIMIENTO,,PROPRIETARY,false,""
cuarto-primaria-galicia-PARTE2_73,"How do you say ""perro"" in English?",Ciencias Naturales,4º Primaria,Colors and Animals,Animals,PROCEDIMIENTO,,PROPRIETARY,"Creación propia - EduAnalytics",0.44,PROCEDIMIENTO,,PROPRIETARY,false,""
cuarto-primaria-galicia-PARTE2_74,"How do you say ""gato"" in English?",Ciencias Naturales,4º Primaria,Colors and Animals,Cat,PROCEDIMIENTO,,PROPRIETARY,"Creación propia - EduAnalytics",0.44,PROCEDIMIENTO,,PROPRIETARY,false,""
cuarto-primaria-galicia-PARTE2_75,"Name 3 farm animals in English",Ciencias Naturales,4º Primaria,Colors and Animals,Farm animals,PROCEDIMIENTO,,PROPRIETARY,"Creación propia - EduAnalytics",0.44,PROCEDIMIENTO,,PROPRIETARY,false,""
cuarto-primaria-galicia-PARTE2_76,"How do you say ""león"" in English?",Ciencias Naturales,4º Primaria,Colors and Animals,Wild animals,PROCEDIMIENTO,,PROPRIETARY,"Creación propia - EduAnalytics",0.44,PROCEDIMIENTO,,PROPRIETARY,false,""
cuarto-primaria-galicia-PARTE2_77,"How do you ask ""¿Tienes mascota?""",Ciencias Naturales,4º Primaria,Colors and Animals,Pet question,PROCEDIMIENTO,,PROPRIETARY,"Creación propia - EduAnalytics",0.44,PROCEDIMIENTO,,PROPRIETARY,false,""
cuarto-primaria-galicia-PARTE2_78,"Complete: ""My cat is ______"" (negro)",Ciencias Naturales,4º Primaria,Colors and Animals,Description,PROCEDIMIENTO,,PROPRIETARY,"Creación propia - EduAnalytics",0.44,PROCEDIMIENTO,,PROPRIETARY,false,""
cuarto-primaria-galicia-PARTE2_79,"How do you say ""grande"" in English?",Ciencias Naturales,4º Primaria,Colors and Animals,Size,PROCEDIMIENTO,,PROPRIETARY,"Creación propia - EduAnalytics",0.44,PROCEDIMIENTO,,PROPRIETARY,false,""
cuarto-primaria-galicia-PARTE2_80,"How do you say ""pequeño"" in English?",Ciencias Naturales,4º Primaria,Colors and Animals,Small,PROCEDIMIENTO,,PROPRIETARY,"Creación propia - EduAnalytics",0.44,PROCEDIMIENTO,,PROPRIETARY,false,""
cuarto-primaria-galicia-PARTE2_81,"How do you say ""Me gustan los perros""?",Ciencias Naturales,4º Primaria,Colors and Animals,I like,PROCEDIMIENTO,,PROPRIETARY,"Creación propia - EduAnalytics",0.44,PROCEDIMIENTO,,PROPRIETARY,false,""
EJEMPLO-EJERCICIOS-NC_4,"¿Cuánto es 1/2 + 1/4?",Sin especificar,Sin especificar,Matemáticas,Cálculo,PROCEDIMIENTO,,PROPRIETARY,"Sin especificar",0.46,PROCEDIMIENTO,,PROPRIETARY,false,""
EJEMPLO-EJERCICIOS-NC_1,"¿Quién descubrió América?",Sin especificar,Sin especificar,Ciencias Sociales,Concepto,CONCEPTO,,PROPRIETARY,"Sin especificar",0.48,CONCEPTO,,PROPRIETARY,false,""
EJEMPLO-EJERCICIOS-NC_2,"¿Cuál fue la primera civilización de la Península Ibérica?",Sin especificar,Sin especificar,Ciencias Sociales,Concepto,CONCEPTO,,PROPRIETARY,"Sin especificar",0.48,CONCEPTO,,PROPRIETARY,false,""
EJEMPLO-EJERCICIOS-NC_3,"¿Cuál es el río más largo de España?",Ciencias Sociales,Sin especificar,Geografía - Material Libre,Concepto,CONCEPTO,,PROPRIETARY,"Sin especificar",0.48,CONCEPTO,,PROPRIETARY,false,""
cuarto-primaria-galicia-PARTE1_1,"Calcula: 7 × 8",Sin especificar,4º Primaria,Matemáticas,Tablas básicas,PROCEDIMIENTO,,PROPRIETARY,"Creación propia - EduAnalytics",0.52,PROCEDIMIENTO,,PROPRIETARY,false,""
cuarto-primaria-galicia-PARTE1_2,"Calcula: 34 × 10",Sin especificar,4º Primaria,Matemáticas,Multiplicar por 10,PROCEDIMIENTO,,PROPRIETARY,"Creación propia - EduAnalytics",0.52,PROCEDIMIENTO,,PROPRIETARY,false,""
cuarto-primaria-galicia-PARTE1_3,"Calcula: 25 × 100",Sin especificar,4º Primaria,Matemáticas,Multiplicar por 100,PROCEDIMIENTO,,PROPRIETARY,"Creación propia - EduAnalytics",0.52,PROCEDIMIENTO,,PROPRIETARY,false,""
cuarto-primaria-galicia-PARTE1_4,"Calcula: 23 × 12",Sin especificar,4º Primaria,Matemáticas,Doble cifra,PROCEDIMIENTO,,PROPRIETARY,"Creación propia - EduAnalytics",0.52,PROCEDIMIENTO,,PROPRIETARY,false,""
cuarto-primaria-galicia-PARTE1_5,"En una caja hay 24 lápices. Si compras 5 cajas, ¿cuántos lápices tienes?",Sin especificar,4º Primaria,Matemáticas,Problemas,APLICACION,,PROPRIETARY,"Creación propia - EduAnalytics",0.52,APLICACION,,PROPRIETARY,false,""
cuarto-primaria-galicia-PARTE1_6,"Calcula: 47 × 6",Sin especificar,4º Primaria,Matemáticas,Multiplicación con llevadas,PROCEDIMIENTO,,PROPRIETARY,"Creación propia - EduAnalytics",0.52,PROCEDIMIENTO,,PROPRIETARY,false,""
cuarto-primaria-galicia-PARTE1_10,"Un paquete de cromos cuesta 3€. Si compras 15 paquetes, ¿cuánto pagas?",Sin especificar,4º Primaria,Matemáticas,Problema real,APLICACION,,PROPRIETARY,"Creación propia - EduAnalytics",0.52,APLICACION,,PROPRIETARY,false,""
cuarto-primaria-galicia-PARTE1_11,"Calcula: 18 × 5",Sin especificar,4º Primaria,Matemáticas,Multiplicar por 5,PROCEDIMIENTO,,PROPRIETARY,"Creación propia - EduAnalytics",0.52,PROCEDIMIENTO,,PROPRIETARY,false,""
cuarto-primaria-galicia-PARTE1_37,"Si divides una tarta en 8 partes y coges 3, ¿qué fracción has cogido?",Sin especificar,4º Primaria,Fracciones,Reconocer fracción,PROCEDIMIENTO,,PROPRIETARY,"Creación propia - EduAnalytics",0.52,PROCEDIMIENTO,,PROPRIETARY,false,""
cuarto-primaria-galicia-PARTE1_41,"¿Cuánto es 1/2 de 10 caramelos?",Sin especificar,4º Primaria,Fracciones,Fracción de cantidad,PROCEDIMIENTO,,PROPRIETARY,"Creación propia - EduAnalytics",0.52,PROCEDIMIENTO,,PROPRIETARY,false,""
cuarto-primaria-galicia-PARTE1_43,"Una pizza está dividida en 6 trozos. Te comes 2, ¿qué fracción te has comido?",Sin especificar,4º Primaria,Fracciones,Problema práctico,APLICACION,,PROPRIETARY,"Creación propia - EduAnalytics",0.52,APLICACION,,PROPRIETARY,false,""
cuarto-primaria-galicia-PARTE1_44,"¿Cuántos cuartos hay en una mitad?",Sin especificar,4º Primaria,Fracciones,Equivalencias,PROCEDIMIENTO,,PROPRIETARY,"Creación propia - EduAnalytics",0.52,PROCEDIMIENTO,,PROPRIETARY,false,""
cuarto-primaria-galicia-PARTE1_46,"En una clase de 24 niños, 1/4 son rubios. ¿Cuántos niños son rubios?",Sin especificar,4º Primaria,Fracciones,Fracción de grupo,PROCEDIMIENTO,,PROPRIETARY,"Creación propia - EduAnalytics",0.52,PROCEDIMIENTO,,PROPRIETARY,false,""
cuarto-primaria-galicia-PARTE1_49,"María tiene 145 cromos y su hermano 87. ¿Cuántos tienen entre los dos?",Sin especificar,4º Primaria,Problemas,Problema de suma,APLICACION,,PROPRIETARY,"Creación propia - EduAnalytics",0.52,APLICACION,,PROPRIETARY,false,""
cuarto-primaria-galicia-PARTE1_50,"En una tienda había 500 caramelos. Vendieron 237. ¿Cuántos quedan?",Sin especificar,4º Primaria,Problemas,Problema de resta,APLICACION,,PROPRIETARY,"Creación propia - EduAnalytics",0.52,APLICACION,,PROPRIETARY,false,""
cuarto-primaria-galicia-PARTE1_51,"Un paquete de galletas cuesta 2€. ¿Cuánto cuestan 12 paquetes?",Sin especificar,4º Primaria,Problemas,Problema de multiplicación,APLICACION,,PROPRIETARY,"Creación propia - EduAnalytics",0.52,APLICACION,,PROPRIETARY,false,""
cuarto-primaria-galicia-PARTE1_52,"Reparte 60 gominolas entre 5 niños. ¿Cuántas le tocan a cada uno?",Sin especificar,4º Primaria,Problemas,Problema de división,APLICACION,,PROPRIETARY,"Creación propia - EduAnalytics",0.52,APLICACION,,PROPRIETARY,false,""
cuarto-primaria-galicia-PARTE1_53,"Compras 3 libros a 8€ cada uno. Pagas con un billete de 50€. ¿Cuánto te devuelven?",Sin especificar,4º Primaria,Problemas,Dos operaciones,PROCEDIMIENTO,,PROPRIETARY,"Creación propia - EduAnalytics",0.52,PROCEDIMIENTO,,PROPRIETARY,false,""
cuarto-primaria-galicia-PARTE1_55,"Tienes 3 monedas de 2€ y 5 monedas de 1€. ¿Cuánto dinero tienes?",Sin especificar,4º Primaria,Problemas,Dinero,PROCEDIMIENTO,,PROPRIETARY,"Creación propia - EduAnalytics",0.52,PROCEDIMIENTO,,PROPRIETARY,false,""
cuarto-primaria-galicia-PARTE1_56,"Un lápiz mide 18 cm. ¿Cuánto miden 4 lápices puestos en fila?",Sin especificar,4º Primaria,Problemas,Medidas,PROCEDIMIENTO,,PROPRIETARY,"Creación propia - EduAnalytics",0.52,PROCEDIMIENTO,,PROPRIETARY,false,""
cuarto-primaria-galicia-PARTE1_57,"Ana tiene 156 cromos y Luis 98. ¿Cuántos cromos más tiene Ana?",Sin especificar,4º Primaria,Problemas,Comparación,PROCEDIMIENTO,,PROPRIETARY,"Creación propia - EduAnalytics",0.52,PROCEDIMIENTO,,PROPRIETARY,false,""
cuarto-primaria-galicia-PARTE1_58,"Tienes 50€. Gastas 18€ en un juego y 12€ en un libro. ¿Cuánto te queda?",Sin especificar,4º Primaria,Problemas,Reparto desigual,PROCEDIMIENTO,,PROPRIETARY,"Creación propia - EduAnalytics",0.52,PROCEDIMIENTO,,PROPRIETARY,false,""
cuarto-primaria-galicia-PARTE1_59,"Si 6 bolígrafos cuestan 18€, ¿cuánto cuesta cada bolígrafo?",Sin especificar,4º Primaria,Problemas,Problema inverso,APLICACION,,PROPRIETARY,"Creación propia - EduAnalytics",0.52,APLICACION,,PROPRIETARY,false,""
cuarto-primaria-galicia-PARTE1_60,"En una granja hay 25 gallinas. Cada gallina pone 6 huevos a la semana. ¿Cuántos huevos ponen en total?",Sin especificar,4º Primaria,Problemas,Problema complejo,APLICACION,,PROPRIETARY,"Creación propia - EduAnalytics",0.52,APLICACION,,PROPRIETARY,false,""
cuarto-primaria-galicia-PARTE1_61,"Escribe correctamente: ""mi primo pablo vive en santiago""",Sin especificar,4º Primaria,Lengua Castellana,Mayúsculas,PROCEDIMIENTO,,PROPRIETARY,"Creación propia - EduAnalytics",0.52,PROCEDIMIENTO,,PROPRIETARY,false,""
cuarto-primaria-galicia-PARTE1_62,"¿Cómo se escribe: ca_po o ca_bo?",Sin especificar,4º Primaria,Lengua Castellana,mp/mb,PROCEDIMIENTO,,PROPRIETARY,"Creación propia - EduAnalytics",0.52,PROCEDIMIENTO,,PROPRIETARY,false,""
cuarto-primaria-galicia-PARTE1_63,"¿Cómo se escribe: pue_lo o pue_ro?",Sin especificar,4º Primaria,Lengua Castellana,br/bl,PROCEDIMIENTO,,PROPRIETARY,"Creación propia - EduAnalytics",0.52,PROCEDIMIENTO,,PROPRIETARY,false,""
cuarto-primaria-galicia-PARTE1_64,"Escribe correctamente: ""Donde vives""",Sin especificar,4º Primaria,Lengua Castellana,Signos interrogación,PROCEDIMIENTO,,PROPRIETARY,"Creación propia - EduAnalytics",0.52,PROCEDIMIENTO,,PROPRIETARY,false,""
cuarto-primaria-galicia-PARTE1_65,"Escribe correctamente: ""Que bonito""",Sin especificar,4º Primaria,Lengua Castellana,Signos exclamación,PROCEDIMIENTO,,PROPRIETARY,"Creación propia - EduAnalytics",0.52,PROCEDIMIENTO,,PROPRIETARY,false,""
cuarto-primaria-galicia-PARTE1_66,"¿Cómo se escribe: _uevo o _ueso?",Sin especificar,4º Primaria,Lengua Castellana,h inicial,PROCEDIMIENTO,,PROPRIETARY,"Creación propia - EduAnalytics",0.52,PROCEDIMIENTO,,PROPRIETARY,false,""
cuarto-primaria-galicia-PARTE1_67,"¿Cómo se escribe: _irafa o _irafa?",Sin especificar,4º Primaria,Lengua Castellana,g/j,PROCEDIMIENTO,,PROPRIETARY,"Creación propia - EduAnalytics",0.52,PROCEDIMIENTO,,PROPRIETARY,false,""
cuarto-primaria-galicia-PARTE1_68,"¿Cómo se escribe: _ereza o _ereza?",Sin especificar,4º Primaria,Lengua Castellana,c/z,PROCEDIMIENTO,,PROPRIETARY,"Creación propia - EduAnalytics",0.52,PROCEDIMIENTO,,PROPRIETARY,false,""
cuarto-primaria-galicia-PARTE2_66,"How do you ask ""¿Cuántos años tienes?""",Sin especificar,4º Primaria,Inglés,Age,PROCEDIMIENTO,,PROPRIETARY,"Creación propia - EduAnalytics",0.52,PROCEDIMIENTO,,PROPRIETARY,false,""
cuarto-primaria-galicia-PARTE2_70,"How do you ask ""¿Cuánto cuesta?""",Sin especificar,4º Primaria,Inglés,Price,PROCEDIMIENTO,,PROPRIETARY,"Creación propia - EduAnalytics",0.52,PROCEDIMIENTO,,PROPRIETARY,false,""
cuarto-primaria-galicia-PARTE1_7,"¿Cuál es el triple de 25?",Sin especificar,4º Primaria,Matemáticas,Triple,CONCEPTO,,PROPRIETARY,"Creación propia - EduAnalytics",0.53,CONCEPTO,,PROPRIETARY,false,""
cuarto-primaria-galicia-PARTE1_8,"¿Cuál es el doble de 38?",Sin especificar,4º Primaria,Matemáticas,Doble,CONCEPTO,,PROPRIETARY,"Creación propia - EduAnalytics",0.53,CONCEPTO,,PROPRIETARY,false,""
cuarto-primaria-galicia-PARTE1_9,"Si 8 × ? = 72, ¿cuál es el número que falta?",Sin especificar,4º Primaria,Matemáticas,Multiplicación inversa,CONCEPTO,,PROPRIETARY,"Creación propia - EduAnalytics",0.53,CONCEPTO,,PROPRIETARY,false,""
cuarto-primaria-galicia-PARTE1_12,"¿Qué es mayor: 6 × 8 o 7 × 7?",Sin especificar,4º Primaria,Matemáticas,Comparar,CONCEPTO,,PROPRIETARY,"Creación propia - EduAnalytics",0.53,CONCEPTO,,PROPRIETARY,false,""
cuarto-primaria-galicia-PARTE1_40,"¿Qué es mayor: 1/2 o 1/4?",Sin especificar,4º Primaria,Fracciones,Comparar,CONCEPTO,,PROPRIETARY,"Creación propia - EduAnalytics",0.53,CONCEPTO,,PROPRIETARY,false,""
cuarto-primaria-galicia-PARTE1_47,"¿Qué es mayor: 2/3 o 1/2?",Sin especificar,4º Primaria,Fracciones,Comparar fracciones,CONCEPTO,,PROPRIETARY,"Creación propia - EduAnalytics",0.53,CONCEPTO,,PROPRIETARY,false,""
cuarto-primaria-galicia-PARTE2_10,"¿Qué es un ecosistema?",Sin especificar,4º Primaria,Ciencias de la Naturaleza,Ecosistema,CONCEPTO,,PROPRIETARY,"Creación propia - EduAnalytics",0.53,CONCEPTO,,PROPRIETARY,false,""
cuarto-primaria-galicia-PARTE2_37,"¿Cuál es la capital de Galicia?",Sin especificar,4º Primaria,Ciencias Sociales,Capital,CONCEPTO,,PROPRIETARY,"Creación propia - EduAnalytics",0.53,CONCEPTO,,PROPRIETARY,false,""
cuarto-primaria-galicia-PARTE1_74,"Según el texto anterior, ¿qué le gusta hacer al perro?",Lengua Castellana,4º Primaria,Comprensión Lectora,Detalles,PROCEDIMIENTO,LEN_PRI4_C2.1,PROPRIETARY,"Creación propia - EduAnalytics",0.8,PROCEDIMIENTO,LEN_PRI4_C2.1,PROPRIETARY,false,""
cuarto-primaria-galicia-PARTE1_80,"En el cuento de Caperucita, ¿quién es el malo?",Lengua Castellana,4º Primaria,Comprensión Lectora,Personajes,PROCEDIMIENTO,LEN_PRI4_C2.1,PROPRIETARY,"Creación propia - EduAnalytics",0.8,PROCEDIMIENTO,LEN_PRI4_C2.1,PROPRIETARY,false,""
cuarto-primaria-galicia-PARTE1_81,"Si un texto habla de olas, arena y sombrillas, ¿dónde pasa?",Lengua Castellana,4º Primaria,Comprensión Lectora,Lugar,PROCEDIMIENTO,LEN_PRI4_C2.1,PROPRIETARY,"Creación propia - EduAnalytics",0.8,PROCEDIMIENTO,LEN_PRI4_C2.1,PROPRIETARY,false,""
cuarto-primaria-galicia-PARTE1_82,"Si dice ""Ayer fui al cine"", ¿cuándo fue?",Lengua Castellana,4º Primaria,Comprensión Lectora,Tiempo,PROCEDIMIENTO,LEN_PRI4_C2.1,PROPRIETARY,"Creación propia - EduAnalytics",0.8,PROCEDIMIENTO,LEN_PRI4_C2.1,PROPRIETARY,false,""
cuarto-primaria-galicia-PARTE1_83,"Una receta de cocina es un texto...",Lengua Castellana,4º Primaria,Comprensión Lectora,Tipo de texto,PROCEDIMIENTO,LEN_PRI4_C2.1,PROPRIETARY,"Creación propia - EduAnalytics",0.8,PROCEDIMIENTO,LEN_PRI4_C2.1,PROPRIETARY,false,""
cuarto-primaria-galicia-PARTE1_84,"Si decimos ""y vivieron felices"", es...",Lengua Castellana,4º Primaria,Comprensión Lectora,Final del cuento,PROCEDIMIENTO,LEN_PRI4_C2.1,PROPRIETARY,"Creación propia - EduAnalytics",0.8,PROCEDIMIENTO,LEN_PRI4_C2.1,PROPRIETARY,false,""
cuarto-primaria-galicia-PARTE1_89,"Plural de ""lápiz""",Lengua Castellana,4º Primaria,Gramática,Singular/Plural,PROCEDIMIENTO,LEN_PRI4_C1.1,PROPRIETARY,"Creación propia - EduAnalytics",0.8,PROCEDIMIENTO,LEN_PRI4_C1.1,PROPRIETARY,false,""
cuarto-primaria-galicia-PARTE1_90,"Femenino de ""gato""",Lengua Castellana,4º Primaria,Gramática,Género,PROCEDIMIENTO,LEN_PRI4_C1.1,PROPRIETARY,"Creación propia - EduAnalytics",0.8,PROCEDIMIENTO,LEN_PRI4_C1.1,PROPRIETARY,false,""
cuarto-primaria-galicia-PARTE1_91,"En ""Los niños juegan"", ¿quién realiza la acción?",Lengua Castellana,4º Primaria,Gramática,Sujeto,PROCEDIMIENTO,LEN_PRI4_C1.1,PROPRIETARY,"Creación propia - EduAnalytics",0.8,PROCEDIMIENTO,LEN_PRI4_C1.1,PROPRIETARY,false,""
cuarto-primaria-galicia-PARTE1_92,"En ""El pájaro canta"", ¿qué se dice del pájaro?",Lengua Castellana,4º Primaria,Gramática,Predicado,PROCEDIMIENTO,LEN_PRI4_C1.1,PROPRIETARY,"Creación propia - EduAnalytics",0.8,PROCEDIMIENTO,LEN_PRI4_C1.1,PROPRIETARY,false,""
cuarto-primaria-galicia-PARTE1_93,"¿""Rápidamente"" es sustantivo, verbo o adverbio?",Lengua Castellana,4º Primaria,Gramática,Tipos de palabras,PROCEDIMIENTO,LEN_PRI4_C1.1,PROPRIETARY,"Creación propia - EduAnalytics",0.8,PROCEDIMIENTO,LEN_PRI4_C1.1,PROPRIETARY,false,""
cuarto-primaria-galicia-PARTE1_94,"""Jugué"" está en pasado, presente o futuro?",Lengua Castellana,4º Primaria,Gramática,Tiempo verbal,PROCEDIMIENTO,LEN_PRI4_C1.1,PROPRIETARY,"Creación propia - EduAnalytics",0.8,PROCEDIMIENTO,LEN_PRI4_C1.1,PROPRIETARY,false,""
cuarto-primaria-galicia-PARTE1_96,"Aumentativo de ""casa""",Lengua Castellana,4º Primaria,Gramática,Aumentativos,PROCEDIMIENTO,LEN_PRI4_C1.1,PROPRIETARY,"Creación propia - EduAnalytics",0.8,PROCEDIMIENTO,LEN_PRI4_C1.1,PROPRIETARY,false,""
cuarto-primaria-galicia-PARTE1_100,"Cal é o artigo en galego de ""o neno""?",Lingua Galega,4º Primaria,Lingua Galega,Artigo galego,PROCEDIMIENTO,GAL_PRI4_C1.1,PROPRIETARY,"Creación propia - EduAnalytics",0.8,PROCEDIMIENTO,GAL_PRI4_C1.1,PROPRIETARY,false,""
cuarto-primaria-galicia-PARTE1_101,"Como se di ""casa"" en galego?",Lingua Galega,4º Primaria,Lingua Galega,Palabras galegas,PROCEDIMIENTO,GAL_PRI4_C1.1,PROPRIETARY,"Creación propia - EduAnalytics",0.8,PROCEDIMIENTO,GAL_PRI4_C1.1,PROPRIETARY,false,""
cuarto-primaria-galicia-PARTE1_102,"Como se di ""buenos días"" en galego?",Lingua Galega,4º Primaria,Lingua Galega,Saúdos,PROCEDIMIENTO,GAL_PRI4_C1.1,PROPRIETARY,"Creación propia - EduAnalytics",0.8,PROCEDIMIENTO,GAL_PRI4_C1.1,PROPRIETARY,false,""
cuarto-primaria-galicia-PARTE1_104,"Como se di ""azul"" en galego?",Lingua Galega,4º Primaria,Lingua Galega,Cores,PROCEDIMIENTO,GAL_PRI4_C1.1,PROPRIETARY,"Creación propia - EduAnalytics",0.8,PROCEDIMIENTO,GAL_PRI4_C1.1,PROPRIETARY,false,""
cuarto-primaria-galicia-PARTE1_105,"Como se di ""perro"" en galego?",Lingua Galega,4º Primaria,Lingua Galega,Animais,PROCEDIMIENTO,GAL_PRI4_C1.1,PROPRIETARY,"Creación propia - EduAnalytics",0.8,PROCEDIMIENTO,GAL_PRI4_C1.1,PROPRIETARY,false,""
cuarto-primaria-galicia-PARTE1_106,"Como se di ""madre"" en galego?",Lingua Galega,4º Primaria,Lingua Galega,Familia,PROCEDIMIENTO,GAL_PRI4_C1.1,PROPRIETARY,"Creación propia - EduAnalytics",0.8,PROCEDIMIENTO,GAL_PRI4_C1.1,PROPRIETARY,false,""
cuarto-primaria-galicia-PARTE1_107,"Como se di ""pan"" en galego?",Lingua Galega,4º Primaria,Lingua Galega,Comida,PROCEDIMIENTO,GAL_PRI4_C1.1,PROPRIETARY,"Creación propia - EduAnalytics",0.8,PROCEDIMIENTO,GAL_PRI4_C1.1,PROPRIETARY,false,""
cuarto-primaria-galicia-PARTE1_108,"Como se di ""adiós"" en galego?",Lingua Galega,4º Primaria,Lingua Galega,Saúdos 2,PROCEDIMIENTO,GAL_PRI4_C1.1,PROPRIETARY,"Creación propia - EduAnalytics",0.8,PROCEDIMIENTO,GAL_PRI4_C1.1,PROPRIETARY,false,""
cuarto-primaria-galicia-PARTE1_110,"Como se di ""cabeza"" en galego?",Lingua Galega,4º Primaria,Vocabulario galego,O corpo,PROCEDIMIENTO,GAL_PRI4_C1.3,PROPRIETARY,"Creación propia - EduAnalytics",0.8,PROCEDIMIENTO,GAL_PRI4_C1.3,PROPRIETARY,false,""
cuarto-primaria-galicia-PARTE1_111,"Como se di ""lunes"" en galego?",Lingua Galega,4º Primaria,Vocabulario galego,Os días,PROCEDIMIENTO,GAL_PRI4_C1.3,PROPRIETARY,"Creación propia - EduAnalytics",0.8,PROCEDIMIENTO,GAL_PRI4_C1.3,PROPRIETARY,false,""
cuarto-primaria-galicia-PARTE1_112,"Como se di ""enero"" en galego?",Lingua Galega,4º Primaria,Vocabulario galego,Os meses,PROCEDIMIENTO,GAL_PRI4_C1.3,PROPRIETARY,"Creación propia - EduAnalytics",0.8,PROCEDIMIENTO,GAL_PRI4_C1.3,PROPRIETARY,false,""
cuarto-primaria-galicia-PARTE1_113,"Como se di ""llueve"" en galego?",Lingua Galega,4º Primaria,Vocabulario galego,O tempo,PROCEDIMIENTO,GAL_PRI4_C1.3,PROPRIETARY,"Creación propia - EduAnalytics",0.8,PROCEDIMIENTO,GAL_PRI4_C1.3,PROPRIETARY,false,""
cuarto-primaria-galicia-PARTE1_114,"Como se di ""libro"" en galego?",Lingua Galega,4º Primaria,Vocabulario galego,A escola,PROCEDIMIENTO,GAL_PRI4_C1.3,PROPRIETARY,"Creación propia - EduAnalytics",0.8,PROCEDIMIENTO,GAL_PRI4_C1.3,PROPRIETARY,false,""
cuarto-primaria-galicia-PARTE1_115,"Como se di ""amarillo"" en galego?",Lingua Galega,4º Primaria,Vocabulario galego,As cores,PROCEDIMIENTO,GAL_PRI4_C1.3,PROPRIETARY,"Creación propia - EduAnalytics",0.8,PROCEDIMIENTO,GAL_PRI4_C1.3,PROPRIETARY,false,""
cuarto-primaria-galicia-PARTE1_116,"Como se di ""diez"" en galego?",Lingua Galega,4º Primaria,Vocabulario galego,Os números,PROCEDIMIENTO,GAL_PRI4_C1.3,PROPRIETARY,"Creación propia - EduAnalytics",0.8,PROCEDIMIENTO,GAL_PRI4_C1.3,PROPRIETARY,false,""
cuarto-primaria-galicia-PARTE1_117,"Como se di ""zapatos"" en galego?",Lingua Galega,4º Primaria,Vocabulario galego,A roupa,PROCEDIMIENTO,GAL_PRI4_C1.3,PROPRIETARY,"Creación propia - EduAnalytics",0.8,PROCEDIMIENTO,GAL_PRI4_C1.3,PROPRIETARY,false,""
cuarto-primaria-galicia-PARTE1_118,"Como se di ""queso"" en galego?",Lingua Galega,4º Primaria,Vocabulario galego,Comida 2,PROCEDIMIENTO,GAL_PRI4_C1.3,PROPRIETARY,"Creación propia - EduAnalytics",0.8,PROCEDIMIENTO,GAL_PRI4_C1.3,PROPRIETARY,false,""
cuarto-primaria-galicia-PARTE1_119,"Como se di ""comer"" en galego?",Lingua Galega,4º Primaria,Vocabulario galego,Verbos,PROCEDIMIENTO,GAL_PRI4_C1.3,PROPRIETARY,"Creación propia - EduAnalytics",0.8,PROCEDIMIENTO,GAL_PRI4_C1.3,PROPRIETARY,false,""
cuarto-primaria-galicia-PARTE1_120,"Como se di ""gracias"" en galego?",Lingua Galega,4º Primaria,Vocabulario galego,Saídos 3,PROCEDIMIENTO,GAL_PRI4_C1.3,PROPRIETARY,"Creación propia - EduAnalytics",0.8,PROCEDIMIENTO,GAL_PRI4_C1.3,PROPRIETARY,false,""
cuarto-primaria-galicia-PARTE2_13,"¿Qué órgano bombea la sangre?",Ciencias Naturales,4º Primaria,El Cuerpo Humano,Aparatos,PROCEDIMIENTO,NAT_PRI4_C1.2,PROPRIETARY,"Creación propia - EduAnalytics",0.8,PROCEDIMIENTO,NAT_PRI4_C1.2,PROPRIETARY,false,""
cuarto-primaria-galicia-PARTE2_14,"¿Con qué órgano respiramos?",Ciencias Naturales,4º Primaria,El Cuerpo Humano,Respiración,PROCEDIMIENTO,NAT_PRI4_C1.2,PROPRIETARY,"Creación propia - EduAnalytics",0.8,PROCEDIMIENTO,NAT_PRI4_C1.2,PROPRIETARY,false,""
cuarto-primaria-galicia-PARTE2_15,"¿Dónde empieza la digestión?",Ciencias Naturales,4º Primaria,El Cuerpo Humano,Digestión,PROCEDIMIENTO,NAT_PRI4_C1.2,PROPRIETARY,"Creación propia - EduAnalytics",0.8,PROCEDIMIENTO,NAT_PRI4_C1.2,PROPRIETARY,false,""
cuarto-primaria-galicia-PARTE2_16,"¿Cómo se llama el conjunto de huesos del cuerpo?",Ciencias Naturales,4º Primaria,El Cuerpo Humano,Huesos,PROCEDIMIENTO,NAT_PRI4_C1.2,PROPRIETARY,"Creación propia - EduAnalytics",0.8,PROCEDIMIENTO,NAT_PRI4_C1.2,PROPRIETARY,false,""
cuarto-primaria-galicia-PARTE2_17,"¿Qué hacen los músculos?",Ciencias Naturales,4º Primaria,El Cuerpo Humano,Músculos,PROCEDIMIENTO,NAT_PRI4_C1.2,PROPRIETARY,"Creación propia - EduAnalytics",0.8,PROCEDIMIENTO,NAT_PRI4_C1.2,PROPRIETARY,false,""
cuarto-primaria-galicia-PARTE2_18,"Di los 5 sentidos",Ciencias Naturales,4º Primaria,El Cuerpo Humano,Sentidos,PROCEDIMIENTO,NAT_PRI4_C1.2,PROPRIETARY,"Creación propia - EduAnalytics",0.8,PROCEDIMIENTO,NAT_PRI4_C1.2,PROPRIETARY,false,""
cuarto-primaria-galicia-PARTE2_19,"¿Con qué órgano vemos?",Ciencias Naturales,4º Primaria,El Cuerpo Humano,Vista,PROCEDIMIENTO,NAT_PRI4_C1.2,PROPRIETARY,"Creación propia - EduAnalytics",0.8,PROCEDIMIENTO,NAT_PRI4_C1.2,PROPRIETARY,false,""
cuarto-primaria-galicia-PARTE2_20,"¿Con qué órgano oímos?",Ciencias Naturales,4º Primaria,El Cuerpo Humano,Oído,PROCEDIMIENTO,NAT_PRI4_C1.2,PROPRIETARY,"Creación propia - EduAnalytics",0.8,PROCEDIMIENTO,NAT_PRI4_C1.2,PROPRIETARY,false,""
cuarto-primaria-galicia-PARTE2_22,"Di 3 alimentos saludables",Ciencias Naturales,4º Primaria,El Cuerpo Humano,Alimentación sana,PROCEDIMIENTO,NAT_PRI4_C1.2,PROPRIETARY,"Creación propia - EduAnalytics",0.8,PROCEDIMIENTO,NAT_PRI4_C1.2,PROPRIETARY,false,""
cuarto-primaria-galicia-PARTE2_23,"¿Qué son las articulaciones?",Ciencias Naturales,4º Primaria,El Cuerpo Humano,Articulaciones,PROCEDIMIENTO,NAT_PRI4_C1.2,PROPRIETARY,"Creación propia - EduAnalytics",0.8,PROCEDIMIENTO,NAT_PRI4_C1.2,PROPRIETARY,false,""
cuarto-primaria-galicia-PARTE2_24,"¿Qué controla el cerebro?",Ciencias Naturales,4º Primaria,El Cuerpo Humano,Cerebro,PROCEDIMIENTO,NAT_PRI4_C1.2,PROPRIETARY,"Creación propia - EduAnalytics",0.8,PROCEDIMIENTO,NAT_PRI4_C1.2,PROPRIETARY,false,""
cuarto-primaria-galicia-PARTE2_25,"¿Cuáles son los 3 estados de la materia?",Ciencias Naturales,4º Primaria,La Materia,Estados,PROCEDIMIENTO,NAT_PRI4_C2.1,PROPRIETARY,"Creación propia - EduAnalytics",0.8,PROCEDIMIENTO,NAT_PRI4_C2.1,PROPRIETARY,false,""
cuarto-primaria-galicia-PARTE2_26,"Di un ejemplo de materia sólida",Ciencias Naturales,4º Primaria,La Materia,Ejemplo sólido,PROCEDIMIENTO,NAT_PRI4_C2.1,PROPRIETARY,"Creación propia - EduAnalytics",0.8,PROCEDIMIENTO,NAT_PRI4_C2.1,PROPRIETARY,false,""
cuarto-primaria-galicia-PARTE2_27,"Di un ejemplo de materia líquida",Ciencias Naturales,4º Primaria,La Materia,Ejemplo líquido,PROCEDIMIENTO,NAT_PRI4_C2.1,PROPRIETARY,"Creación propia - EduAnalytics",0.8,PROCEDIMIENTO,NAT_PRI4_C2.1,PROPRIETARY,false,""
cuarto-primaria-galicia-PARTE2_28,"Di  un ejemplo de materia gaseosa",Ciencias Naturales,4º Primaria,La Materia,Ejemplo gas,PROCEDIMIENTO,NAT_PRI4_C2.1,PROPRIETARY,"Creación propia - EduAnalytics",0.8,PROCEDIMIENTO,NAT_PRI4_C2.1,PROPRIETARY,false,""
cuarto-primaria-galicia-PARTE2_29,"¿Qué pasa con el agua cuando se congela?",Ciencias Naturales,4º Primaria,La Materia,Cambio de estado,PROCEDIMIENTO,NAT_PRI4_C2.1,PROPRIETARY,"Creación propia - EduAnalytics",0.8,PROCEDIMIENTO,NAT_PRI4_C2.1,PROPRIETARY,false,""
cuarto-primaria-galicia-PARTE2_30,"¿Qué pasa con el agua cuando hierve?",Ciencias Naturales,4º Primaria,La Materia,Evaporación,PROCEDIMIENTO,NAT_PRI4_C2.1,PROPRIETARY,"Creación propia - EduAnalytics",0.8,PROCEDIMIENTO,NAT_PRI4_C2.1,PROPRIETARY,false,""
cuarto-primaria-galicia-PARTE2_31,"Si mezclas agua y arena, ¿se disuelve la arena?",Ciencias Naturales,4º Primaria,La Materia,Mezclas,PROCEDIMIENTO,NAT_PRI4_C2.1,PROPRIETARY,"Creación propia - EduAnalytics",0.8,PROCEDIMIENTO,NAT_PRI4_C2.1,PROPRIETARY,false,""
cuarto-primaria-galicia-PARTE2_32,"¿Qué pasa si echas azúcar en agua?",Ciencias Naturales,4º Primaria,La Materia,Disolución,PROCEDIMIENTO,NAT_PRI4_C2.1,PROPRIETARY,"Creación propia - EduAnalytics",0.8,PROCEDIMIENTO,NAT_PRI4_C2.1,PROPRIETARY,false,""
cuarto-primaria-galicia-PARTE2_33,"¿Qué mide la balanza?",Ciencias Naturales,4º Primaria,La Materia,Masa,PROCEDIMIENTO,NAT_PRI4_C2.1,PROPRIETARY,"Creación propia - EduAnalytics",0.8,PROCEDIMIENTO,NAT_PRI4_C2.1,PROPRIETARY,false,""
cuarto-primaria-galicia-PARTE2_35,"¿Por qué flota un barco?",Ciencias Naturales,4º Primaria,La Materia,Flotación,PROCEDIMIENTO,NAT_PRI4_C2.1,PROPRIETARY,"Creación propia - EduAnalytics",0.8,PROCEDIMIENTO,NAT_PRI4_C2.1,PROPRIETARY,false,""
cuarto-primaria-galicia-PARTE2_36,"Ordena: Lluvia, evaporación, nubes",Ciencias Naturales,4º Primaria,La Materia,Ciclo del agua,PROCEDIMIENTO,NAT_PRI4_C2.1,PROPRIETARY,"Creación propia - EduAnalytics",0.8,PROCEDIMIENTO,NAT_PRI4_C2.1,PROPRIETARY,false,""
cuarto-primaria-galicia-PARTE2_49,"¿Quién gobierna en tu pueblo o ciudad?",Ciencias Sociales,4º Primaria,Mi Localidad,Ayuntamiento,PROCEDIMIENTO,SOC_PRI4_C1.1,PROPRIETARY,"Creación propia - EduAnalytics",0.8,PROCEDIMIENTO,SOC_PRI4_C1.1,PROPRIETARY,false,""
cuarto-primaria-galicia-PARTE2_50,"Di 3 servicios públicos de tu localidad",Ciencias Sociales,4º Primaria,Mi Localidad,Servicios públicos,PROCEDIMIENTO,SOC_PRI4_C1.1,PROPRIETARY,"Creación propia - EduAnalytics",0.8,PROCEDIMIENTO,SOC_PRI4_C1.1,PROPRIETARY,false,""
cuarto-primaria-galicia-PARTE2_51,"¿Para qué sirve un plano de la ciudad?",Ciencias Sociales,4º Primaria,Mi Localidad,Plano,PROCEDIMIENTO,SOC_PRI4_C1.1,PROPRIETARY,"Creación propia - EduAnalytics",0.8,PROCEDIMIENTO,SOC_PRI4_C1.1,PROPRIETARY,false,""
cuarto-primaria-galicia-PARTE2_53,"Di 2 medios de transporte público",Ciencias Sociales,4º Primaria,Mi Localidad,Transporte público,PROCEDIMIENTO,SOC_PRI4_C1.1,PROPRIETARY,"Creación propia - EduAnalytics",0.8,PROCEDIMIENTO,SOC_PRI4_C1.1,PROPRIETARY,false,""
cuarto-primaria-galicia-PARTE2_54,"¿Para qué sirven las señales de tráfico?",Ciencias Sociales,4º Primaria,Mi Localidad,Normas,PROCEDIMIENTO,SOC_PRI4_C1.1,PROPRIETARY,"Creación propia - EduAnalytics",0.8,PROCEDIMIENTO,SOC_PRI4_C1.1,PROPRIETARY,false,""
cuarto-primaria-galicia-PARTE2_55,"¿De qué color es el contenedor del papel?",Ciencias Sociales,4º Primaria,Mi Localidad,Reciclaje,PROCEDIMIENTO,SOC_PRI4_C1.1,PROPRIETARY,"Creación propia - EduAnalytics",0.8,PROCEDIMIENTO,SOC_PRI4_C1.1,PROPRIETARY,false,""
cuarto-primaria-galicia-PARTE2_56,"¿De qué color es el contenedor del vidrio?",Ciencias Sociales,4º Primaria,Mi Localidad,Reciclaje 2,PROCEDIMIENTO,SOC_PRI4_C1.1,PROPRIETARY,"Creación propia - EduAnalytics",0.8,PROCEDIMIENTO,SOC_PRI4_C1.1,PROPRIETARY,false,""
cuarto-primaria-galicia-PARTE2_57,"Di 3 profesiones importantes en tu localidad",Ciencias Sociales,4º Primaria,Mi Localidad,Profesiones,PROCEDIMIENTO,SOC_PRI4_C1.1,PROPRIETARY,"Creación propia - EduAnalytics",0.8,PROCEDIMIENTO,SOC_PRI4_C1.1,PROPRIETARY,false,""
cuarto-primaria-galicia-PARTE2_58,"Di un derecho que tienes como niño",Ciencias Sociales,4º Primaria,Mi Localidad,Derechos,PROCEDIMIENTO,SOC_PRI4_C1.1,PROPRIETARY,"Creación propia - EduAnalytics",0.8,PROCEDIMIENTO,SOC_PRI4_C1.1,PROPRIETARY,false,""
cuarto-primaria-galicia-PARTE2_59,"Di un deber que tienes",Ciencias Sociales,4º Primaria,Mi Localidad,Deberes,PROCEDIMIENTO,SOC_PRI4_C1.1,PROPRIETARY,"Creación propia - EduAnalytics",0.8,PROCEDIMIENTO,SOC_PRI4_C1.1,PROPRIETARY,false,""
cuarto-primaria-galicia-PARTE2_60,"¿Cómo puedes cuidar tu localidad?",Ciencias Sociales,4º Primaria,Mi Localidad,Participación,PROCEDIMIENTO,SOC_PRI4_C1.1,PROPRIETARY,"Creación propia - EduAnalytics",0.8,PROCEDIMIENTO,SOC_PRI4_C1.1,PROPRIETARY,false,""
cuarto-primaria-galicia-PARTE2_82,"How do you say ""Hola"" in English?",Inglés,4º Primaria,Family and Greetings,Hello,PROCEDIMIENTO,ING_PRI4_C1.1,PROPRIETARY,"Creación propia - EduAnalytics",0.8,PROCEDIMIENTO,ING_PRI4_C1.1,PROPRIETARY,false,""
cuarto-primaria-galicia-PARTE2_83,"How do you say ""Adiós"" in English?",Inglés,4º Primaria,Family and Greetings,Goodbye,PROCEDIMIENTO,ING_PRI4_C1.1,PROPRIETARY,"Creación propia - EduAnalytics",0.8,PROCEDIMIENTO,ING_PRI4_C1.1,PROPRIETARY,false,""
cuarto-primaria-galicia-PARTE2_84,"How do you say ""Buenos días""?",Inglés,4º Primaria,Family and Greetings,Good morning,PROCEDIMIENTO,ING_PRI4_C1.1,PROPRIETARY,"Creación propia - EduAnalytics",0.8,PROCEDIMIENTO,ING_PRI4_C1.1,PROPRIETARY,false,""
cuarto-primaria-galicia-PARTE2_85,"How do you say ""madre"" in English?",Inglés,4º Primaria,Family and Greetings,Family - mother,PROCEDIMIENTO,ING_PRI4_C1.1,PROPRIETARY,"Creación propia - EduAnalytics",0.8,PROCEDIMIENTO,ING_PRI4_C1.1,PROPRIETARY,false,""
cuarto-primaria-galicia-PARTE2_86,"How do you say ""padre"" in English?",Inglés,4º Primaria,Family and Greetings,Family - father,PROCEDIMIENTO,ING_PRI4_C1.1,PROPRIETARY,"Creación propia - EduAnalytics",0.8,PROCEDIMIENTO,ING_PRI4_C1.1,PROPRIETARY,false,""
cuarto-primaria-galicia-PARTE2_87,"How do you say ""hermano"" in English?",Inglés,4º Primaria,Family and Greetings,Family - brother,PROCEDIMIENTO,ING_PRI4_C1.1,PROPRIETARY,"Creación propia - EduAnalytics",0.8,PROCEDIMIENTO,ING_PRI4_C1.1,PROPRIETARY,false,""
cuarto-primaria-galicia-PARTE2_89,"How do you ask ""¿Cómo estás?""",Inglés,4º Primaria,Family and Greetings,How are you,PROCEDIMIENTO,ING_PRI4_C1.1,PROPRIETARY,"Creación propia - EduAnalytics",0.8,PROCEDIMIENTO,ING_PRI4_C1.1,PROPRIETARY,false,""
cuarto-primaria-galicia-PARTE2_90,"How do you say ""Gracias""?",Inglés,4º Primaria,Family and Greetings,Thank you,PROCEDIMIENTO,ING_PRI4_C1.1,PROPRIETARY,"Creación propia - EduAnalytics",0.8,PROCEDIMIENTO,ING_PRI4_C1.1,PROPRIETARY,false,""
quinto-primaria-lengua_1,"¿Qué son las palabras agudas? Da 2 ejemplos",Lengua Castellana,5º Primaria,Lengua Castellana,Agudas,PROCEDIMIENTO,LEN_PRI5_C1.1,PROPRIETARY,"Creación propia - EduAnalytics",0.8,PROCEDIMIENTO,LEN_PRI5_C1.1,PROPRIETARY,false,""
quinto-primaria-lengua_3,"¿Qué son las palabras esdrújulas?",Lengua Castellana,5º Primaria,Lengua Castellana,Esdrújulas,PROCEDIMIENTO,LEN_PRI5_C1.1,PROPRIETARY,"Creación propia - EduAnalytics",0.8,PROCEDIMIENTO,LEN_PRI5_C1.1,PROPRIETARY,false,""
quinto-primaria-lengua_4,"Pon tilde donde corresponda: ""El medico opero al paciente en el quirofano""",Lengua Castellana,5º Primaria,Lengua Castellana,Tildar,PROCEDIMIENTO,LEN_PRI5_C1.1,PROPRIETARY,"Creación propia - EduAnalytics",0.8,PROCEDIMIENTO,LEN_PRI5_C1.1,PROPRIETARY,false,""
quinto-primaria-lengua_7,"Diferencia entre ""tuvo"" y ""tubo""",Lengua Castellana,5º Primaria,Lengua Castellana,Homófonas,PROCEDIMIENTO,LEN_PRI5_C1.1,PROPRIETARY,"Creación propia - EduAnalytics",0.8,PROCEDIMIENTO,LEN_PRI5_C1.1,PROPRIETARY,false,""
quinto-primaria-lengua_8,"¿Cuándo usamos mayúscula inicial?",Lengua Castellana,5º Primaria,Lengua Castellana,Mayúsculas,PROCEDIMIENTO,LEN_PRI5_C1.1,PROPRIETARY,"Creación propia - EduAnalytics",0.8,PROCEDIMIENTO,LEN_PRI5_C1.1,PROPRIETARY,false,""
quinto-primaria-lengua_10,"Di 3 palabras que empiecen por ""hie-"" o ""hue-""",Lengua Castellana,5º Primaria,Lengua Castellana,H,PROCEDIMIENTO,LEN_PRI5_C1.1,PROPRIETARY,"Creación propia - EduAnalytics",0.8,PROCEDIMIENTO,LEN_PRI5_C1.1,PROPRIETARY,false,""
quinto-primaria-lengua_17,"Di 5 preposiciones",Lengua Castellana,5º Primaria,Gramática: Clases de palabras,Preposición,PROCEDIMIENTO,LEN_PRI5_C1.1,PROPRIETARY,"Creación propia - EduAnalytics",0.8,PROCEDIMIENTO,LEN_PRI5_C1.1,PROPRIETARY,false,""
quinto-primaria-lengua_30,"Corrige: ""Los niño juega""",Lengua Castellana,5º Primaria,Sintaxis: La oración,Concordancia,PROCEDIMIENTO,LEN_PRI5_C1.1,PROPRIETARY,"Creación propia - EduAnalytics",0.8,PROCEDIMIENTO,LEN_PRI5_C1.1,PROPRIETARY,false,""
quinto-primaria-lengua_32,"¿Qué son las ideas secundarias?",Lengua Castellana,5º Primaria,Comprensión lectora,Ideas secundarias,PROCEDIMIENTO,LEN_PRI5_C2.1,PROPRIETARY,"Creación propia - EduAnalytics",0.8,PROCEDIMIENTO,LEN_PRI5_C2.1,PROPRIETARY,false,""
quinto-primaria-lengua_33,"¿Qué debe incluir un buen resumen?",Lengua Castellana,5º Primaria,Comprensión lectora,Resumen,PROCEDIMIENTO,LEN_PRI5_C2.1,PROPRIETARY,"Creación propia - EduAnalytics",0.8,PROCEDIMIENTO,LEN_PRI5_C2.1,PROPRIETARY,false,""
quinto-primaria-lengua_40,"¿Cuáles son las partes de un cuento?",Lengua Castellana,5º Primaria,Comprensión lectora,Estructura,PROCEDIMIENTO,LEN_PRI5_C2.1,PROPRIETARY,"Creación propia - EduAnalytics",0.8,PROCEDIMIENTO,LEN_PRI5_C2.1,PROPRIETARY,false,""
quinto-primaria-lengua_41,"¿Qué debe incluir una buena descripción?",Lengua Castellana,5º Primaria,Expresión escrita,Descripción,PROCEDIMIENTO,LEN_PRI5_C2.2,PROPRIETARY,"Creación propia - EduAnalytics",0.8,PROCEDIMIENTO,LEN_PRI5_C2.2,PROPRIETARY,false,""
quinto-primaria-lengua_42,"¿Qué elementos debe tener una narración?",Lengua Castellana,5º Primaria,Expresión escrita,Narración,PROCEDIMIENTO,LEN_PRI5_C2.2,PROPRIETARY,"Creación propia - EduAnalytics",0.8,PROCEDIMIENTO,LEN_PRI5_C2.2,PROPRIETARY,false,""
quinto-primaria-lengua_44,"¿Cuáles son las partes de una carta?",Lengua Castellana,5º Primaria,Expresión escrita,Carta,PROCEDIMIENTO,LEN_PRI5_C2.2,PROPRIETARY,"Creación propia - EduAnalytics",0.8,PROCEDIMIENTO,LEN_PRI5_C2.2,PROPRIETARY,false,""
quinto-primaria-lengua_45,"¿Qué preguntas debe responder una noticia?",Lengua Castellana,5º Primaria,Expresión escrita,Noticia,PROCEDIMIENTO,LEN_PRI5_C2.2,PROPRIETARY,"Creación propia - EduAnalytics",0.8,PROCEDIMIENTO,LEN_PRI5_C2.2,PROPRIETARY,false,""
quinto-primaria-lengua_46,"Di 3 conectores para ordenar una narración",Lengua Castellana,5º Primaria,Expresión escrita,Conectores,PROCEDIMIENTO,LEN_PRI5_C2.2,PROPRIETARY,"Creación propia - EduAnalytics",0.8,PROCEDIMIENTO,LEN_PRI5_C2.2,PROPRIETARY,false,""
quinto-primaria-lengua_47,"¿Para qué sirven los sinónimos en un texto?",Lengua Castellana,5º Primaria,Expresión escrita,Sinónimos,PROCEDIMIENTO,LEN_PRI5_C2.2,PROPRIETARY,"Creación propia - EduAnalytics",0.8,PROCEDIMIENTO,LEN_PRI5_C2.2,PROPRIETARY,false,""
quinto-primaria-lengua_49,"¿Para qué sirve hacer un borrador?",Lengua Castellana,5º Primaria,Expresión escrita,Borrador,PROCEDIMIENTO,LEN_PRI5_C2.2,PROPRIETARY,"Creación propia - EduAnalytics",0.8,PROCEDIMIENTO,LEN_PRI5_C2.2,PROPRIETARY,false,""
quinto-primaria-lengua_50,"¿Qué debes revisar en un texto antes de entregarlo?",Lengua Castellana,5º Primaria,Expresión escrita,Revisar,PROCEDIMIENTO,LEN_PRI5_C2.2,PROPRIETARY,"Creación propia - EduAnalytics",0.8,PROCEDIMIENTO,LEN_PRI5_C2.2,PROPRIETARY,false,""
quinto-primaria-matematicas_2,"Ordena de menor a mayor: 2.3, 2.03, 2.33, 2.303",Matemáticas,5º Primaria,Matemáticas,Ordenar,PROCEDIMIENTO,MAT_PRI5_C1.1,PROPRIETARY,"Creación propia - EduAnalytics",0.8,PROCEDIMIENTO,MAT_PRI5_C1.1,PROPRIETARY,false,""
quinto-primaria-matematicas_7,"Convierte a fracción: 0.75",Matemáticas,5º Primaria,Matemáticas,Conversión,PROCEDIMIENTO,MAT_PRI5_C1.1,PROPRIETARY,"Creación propia - EduAnalytics",0.8,PROCEDIMIENTO,MAT_PRI5_C1.1,PROPRIETARY,false,""
quinto-primaria-matematicas_8,"Redondea 5.678 a las décimas",Matemáticas,5º Primaria,Matemáticas,Redondeo,PROCEDIMIENTO,MAT_PRI5_C1.1,PROPRIETARY,"Creación propia - EduAnalytics",0.8,PROCEDIMIENTO,MAT_PRI5_C1.1,PROPRIETARY,false,""
quinto-primaria-matematicas_15,"Convierte 1/4 a porcentaje",Matemáticas,5º Primaria,Porcentajes,Conversión,PROCEDIMIENTO,MAT_PRI5_C1.2,PROPRIETARY,"Creación propia - EduAnalytics",0.8,PROCEDIMIENTO,MAT_PRI5_C1.2,PROPRIETARY,false,""
quinto-primaria-matematicas_18,"Convierte 0.2 a porcentaje",Matemáticas,5º Primaria,Porcentajes,Conversión decimal,PROCEDIMIENTO,MAT_PRI5_C1.2,PROPRIETARY,"Creación propia - EduAnalytics",0.8,PROCEDIMIENTO,MAT_PRI5_C1.2,PROPRIETARY,false,""
quinto-primaria-matematicas_23,"¿Es 7 un número primo?",Matemáticas,5º Primaria,Múltiplos y divisores,Primo,PROCEDIMIENTO,MAT_PRI5_C1.3,PROPRIETARY,"Creación propia - EduAnalytics",0.8,PROCEDIMIENTO,MAT_PRI5_C1.3,PROPRIETARY,false,""
quinto-primaria-matematicas_24,"¿Es 9 un número primo o compuesto?",Matemáticas,5º Primaria,Múltiplos y divisores,Compuesto,PROCEDIMIENTO,MAT_PRI5_C1.3,PROPRIETARY,"Creación propia - EduAnalytics",0.8,PROCEDIMIENTO,MAT_PRI5_C1.3,PROPRIETARY,false,""
quinto-primaria-matematicas_27,"¿Es 348 divisible por 2?",Matemáticas,5º Primaria,Múltiplos y divisores,Criterio 2,PROCEDIMIENTO,MAT_PRI5_C1.3,PROPRIETARY,"Creación propia - EduAnalytics",0.8,PROCEDIMIENTO,MAT_PRI5_C1.3,PROPRIETARY,false,""
quinto-primaria-matematicas_28,"¿Es 123 divisible por 3?",Matemáticas,5º Primaria,Múltiplos y divisores,Criterio 3,PROCEDIMIENTO,MAT_PRI5_C1.3,PROPRIETARY,"Creación propia - EduAnalytics",0.8,PROCEDIMIENTO,MAT_PRI5_C1.3,PROPRIETARY,false,""
quinto-primaria-matematicas_29,"¿Es 145 divisible por 5?",Matemáticas,5º Primaria,Múltiplos y divisores,Criterio 5,PROCEDIMIENTO,MAT_PRI5_C1.3,PROPRIETARY,"Creación propia - EduAnalytics",0.8,PROCEDIMIENTO,MAT_PRI5_C1.3,PROPRIETARY,false,""
quinto-primaria-matematicas_36,"Si duplico el lado de un cuadrado, ¿qué pasa con su área?",Matemáticas,5º Primaria,Área y perímetro,Duplicar,PROCEDIMIENTO,MAT_PRI5_C2.1,PROPRIETARY,"Creación propia - EduAnalytics",0.8,PROCEDIMIENTO,MAT_PRI5_C2.1,PROPRIETARY,false,""
quinto-primaria-matematicas_41,"Convierte 3 km a metros",Matemáticas,5º Primaria,Unidades de medida,Longitud,PROCEDIMIENTO,MAT_PRI5_C2.2,PROPRIETARY,"Creación propia - EduAnalytics",0.8,PROCEDIMIENTO,MAT_PRI5_C2.2,PROPRIETARY,false,""
quinto-primaria-matematicas_42,"Convierte 5 kg a gramos",Matemáticas,5º Primaria,Unidades de medida,Masa,PROCEDIMIENTO,MAT_PRI5_C2.2,PROPRIETARY,"Creación propia - EduAnalytics",0.8,PROCEDIMIENTO,MAT_PRI5_C2.2,PROPRIETARY,false,""
quinto-primaria-matematicas_43,"Convierte 2 litros a mililitros",Matemáticas,5º Primaria,Unidades de medida,Capacidad,PROCEDIMIENTO,MAT_PRI5_C2.2,PROPRIETARY,"Creación propia - EduAnalytics",0.8,PROCEDIMIENTO,MAT_PRI5_C2.2,PROPRIETARY,false,""
quinto-primaria-matematicas_45,"Convierte 2 toneladas a kilogramos",Matemáticas,5º Primaria,Unidades de medida,Toneladas,PROCEDIMIENTO,MAT_PRI5_C2.2,PROPRIETARY,"Creación propia - EduAnalytics",0.8,PROCEDIMIENTO,MAT_PRI5_C2.2,PROPRIETARY,false,""
quinto-primaria-naturales_1,"Nombra los 5 reinos de los seres vivos",Ciencias Naturales,5º Primaria,Ciencias de la Naturaleza,Reinos,PROCEDIMIENTO,NAT_PRI5_C1.1,PROPRIETARY,"Creación propia - EduAnalytics",0.8,PROCEDIMIENTO,NAT_PRI5_C1.1,PROPRIETARY,false,""
quinto-primaria-naturales_3,"¿Qué son los seres unicelulares?",Ciencias Naturales,5º Primaria,Ciencias de la Naturaleza,Unicelulares,PROCEDIMIENTO,NAT_PRI5_C1.1,PROPRIETARY,"Creación propia - EduAnalytics",0.8,PROCEDIMIENTO,NAT_PRI5_C1.1,PROPRIETARY,false,""
quinto-primaria-naturales_4,"¿Qué son los seres pluricelulares?",Ciencias Naturales,5º Primaria,Ciencias de la Naturaleza,Pluricelulares,PROCEDIMIENTO,NAT_PRI5_C1.1,PROPRIETARY,"Creación propia - EduAnalytics",0.8,PROCEDIMIENTO,NAT_PRI5_C1.1,PROPRIETARY,false,""
quinto-primaria-naturales_5,"¿Cuáles son las 3 funciones vitales?",Ciencias Naturales,5º Primaria,Ciencias de la Naturaleza,Funciones vitales,PROCEDIMIENTO,NAT_PRI5_C1.1,PROPRIETARY,"Creación propia - EduAnalytics",0.8,PROCEDIMIENTO,NAT_PRI5_C1.1,PROPRIETARY,false,""
quinto-primaria-naturales_8,"¿Qué son los productores en un ecosistema?",Ciencias Naturales,5º Primaria,Ciencias de la Naturaleza,Productores,PROCEDIMIENTO,NAT_PRI5_C1.1,PROPRIETARY,"Creación propia - EduAnalytics",0.8,PROCEDIMIENTO,NAT_PRI5_C1.1,PROPRIETARY,false,""
quinto-primaria-naturales_9,"¿Qué son los consumidores?",Ciencias Naturales,5º Primaria,Ciencias de la Naturaleza,Consumidores,PROCEDIMIENTO,NAT_PRI5_C1.1,PROPRIETARY,"Creación propia - EduAnalytics",0.8,PROCEDIMIENTO,NAT_PRI5_C1.1,PROPRIETARY,false,""
quinto-primaria-naturales_10,"¿Qué son los descomponedores?",Ciencias Naturales,5º Primaria,Ciencias de la Naturaleza,Descomponedores,PROCEDIMIENTO,NAT_PRI5_C1.1,PROPRIETARY,"Creación propia - EduAnalytics",0.8,PROCEDIMIENTO,NAT_PRI5_C1.1,PROPRIETARY,false,""
quinto-primaria-naturales_11,"¿Qué son los animales vertebrados?",Ciencias Naturales,5º Primaria,Los animales,Vertebrados,PROCEDIMIENTO,NAT_PRI5_C1.1,PROPRIETARY,"Creación propia - EduAnalytics",0.8,PROCEDIMIENTO,NAT_PRI5_C1.1,PROPRIETARY,false,""
quinto-primaria-naturales_12,"¿Qué son los animales invertebrados?",Ciencias Naturales,5º Primaria,Los animales,Invertebrados,PROCEDIMIENTO,NAT_PRI5_C1.1,PROPRIETARY,"Creación propia - EduAnalytics",0.8,PROCEDIMIENTO,NAT_PRI5_C1.1,PROPRIETARY,false,""
quinto-primaria-naturales_13,"Nombra los 5 grupos de vertebrados",Ciencias Naturales,5º Primaria,Los animales,Grupos vertebrados,PROCEDIMIENTO,NAT_PRI5_C1.1,PROPRIETARY,"Creación propia - EduAnalytics",0.8,PROCEDIMIENTO,NAT_PRI5_C1.1,PROPRIETARY,false,""
quinto-primaria-naturales_14,"¿Qué características tienen los mamíferos?",Ciencias Naturales,5º Primaria,Los animales,Mamíferos,PROCEDIMIENTO,NAT_PRI5_C1.1,PROPRIETARY,"Creación propia - EduAnalytics",0.8,PROCEDIMIENTO,NAT_PRI5_C1.1,PROPRIETARY,false,""
quinto-primaria-naturales_15,"¿Qué características tienen las aves?",Ciencias Naturales,5º Primaria,Los animales,Aves,PROCEDIMIENTO,NAT_PRI5_C1.1,PROPRIETARY,"Creación propia - EduAnalytics",0.8,PROCEDIMIENTO,NAT_PRI5_C1.1,PROPRIETARY,false,""
quinto-primaria-naturales_16,"¿Qué características tienen los reptiles?",Ciencias Naturales,5º Primaria,Los animales,Reptiles,PROCEDIMIENTO,NAT_PRI5_C1.1,PROPRIETARY,"Creación propia - EduAnalytics",0.8,PROCEDIMIENTO,NAT_PRI5_C1.1,PROPRIETARY,false,""
quinto-primaria-naturales_17,"¿Qué características tienen los anfibios?",Ciencias Naturales,5º Primaria,Los animales,Anfibios,PROCEDIMIENTO,NAT_PRI5_C1.1,PROPRIETARY,"Creación propia - EduAnalytics",0.8,PROCEDIMIENTO,NAT_PRI5_C1.1,PROPRIETARY,false,""
quinto-primaria-naturales_18,"¿Qué características tienen los peces?",Ciencias Naturales,5º Primaria,Los animales,Peces,PROCEDIMIENTO,NAT_PRI5_C1.1,PROPRIETARY,"Creación propia - EduAnalytics",0.8,PROCEDIMIENTO,NAT_PRI5_C1.1,PROPRIETARY,false,""
quinto-primaria-naturales_19,"¿Qué son los artrópodos? Da ejemplos",Ciencias Naturales,5º Primaria,Los animales,Artrópodos,PROCEDIMIENTO,NAT_PRI5_C1.1,PROPRIETARY,"Creación propia - EduAnalytics",0.8,PROCEDIMIENTO,NAT_PRI5_C1.1,PROPRIETARY,false,""
quinto-primaria-naturales_20,"¿Qué son los moluscos? Da ejemplos",Ciencias Naturales,5º Primaria,Los animales,Moluscos,PROCEDIMIENTO,NAT_PRI5_C1.1,PROPRIETARY,"Creación propia - EduAnalytics",0.8,PROCEDIMIENTO,NAT_PRI5_C1.1,PROPRIETARY,false,""
quinto-primaria-naturales_21,"¿Cuáles son las partes principales de una planta?",Ciencias Naturales,5º Primaria,Las plantas,Partes,PROCEDIMIENTO,NAT_PRI5_C1.1,PROPRIETARY,"Creación propia - EduAnalytics",0.8,PROCEDIMIENTO,NAT_PRI5_C1.1,PROPRIETARY,false,""
quinto-primaria-naturales_22,"¿Qué funciones tiene la raíz?",Ciencias Naturales,5º Primaria,Las plantas,Raíz,PROCEDIMIENTO,NAT_PRI5_C1.1,PROPRIETARY,"Creación propia - EduAnalytics",0.8,PROCEDIMIENTO,NAT_PRI5_C1.1,PROPRIETARY,false,""
quinto-primaria-naturales_23,"¿Qué función tiene el tallo?",Ciencias Naturales,5º Primaria,Las plantas,Tallo,PROCEDIMIENTO,NAT_PRI5_C1.1,PROPRIETARY,"Creación propia - EduAnalytics",0.8,PROCEDIMIENTO,NAT_PRI5_C1.1,PROPRIETARY,false,""
quinto-primaria-naturales_24,"¿Qué función tienen las hojas?",Ciencias Naturales,5º Primaria,Las plantas,Hojas,PROCEDIMIENTO,NAT_PRI5_C1.1,PROPRIETARY,"Creación propia - EduAnalytics",0.8,PROCEDIMIENTO,NAT_PRI5_C1.1,PROPRIETARY,false,""
quinto-primaria-naturales_25,"¿Para qué sirve la flor?",Ciencias Naturales,5º Primaria,Las plantas,Flor,PROCEDIMIENTO,NAT_PRI5_C1.1,PROPRIETARY,"Creación propia - EduAnalytics",0.8,PROCEDIMIENTO,NAT_PRI5_C1.1,PROPRIETARY,false,""
quinto-primaria-naturales_27,"¿Qué contiene la semilla?",Ciencias Naturales,5º Primaria,Las plantas,Semilla,PROCEDIMIENTO,NAT_PRI5_C1.1,PROPRIETARY,"Creación propia - EduAnalytics",0.8,PROCEDIMIENTO,NAT_PRI5_C1.1,PROPRIETARY,false,""
quinto-primaria-naturales_29,"Nombra plantas que no tienen flores",Ciencias Naturales,5º Primaria,Las plantas,Plantas sin flores,PROCEDIMIENTO,NAT_PRI5_C1.1,PROPRIETARY,"Creación propia - EduAnalytics",0.8,PROCEDIMIENTO,NAT_PRI5_C1.1,PROPRIETARY,false,""
quinto-primaria-naturales_30,"¿Qué diferencia hay entre plantas de hoja perenne y caduca?",Ciencias Naturales,5º Primaria,Las plantas,Árboles,PROCEDIMIENTO,NAT_PRI5_C1.1,PROPRIETARY,"Creación propia - EduAnalytics",0.8,PROCEDIMIENTO,NAT_PRI5_C1.1,PROPRIETARY,false,""
quinto-primaria-naturales_32,"¿Cuáles son los 3 estados de la materia?",Ciencias Naturales,5º Primaria,La materia,Estados,PROCEDIMIENTO,NAT_PRI5_C2.1,PROPRIETARY,"Creación propia - EduAnalytics",0.8,PROCEDIMIENTO,NAT_PRI5_C2.1,PROPRIETARY,false,""
quinto-primaria-naturales_33,"¿Qué características tiene el estado sólido?",Ciencias Naturales,5º Primaria,La materia,Sólido,PROCEDIMIENTO,NAT_PRI5_C2.1,PROPRIETARY,"Creación propia - EduAnalytics",0.8,PROCEDIMIENTO,NAT_PRI5_C2.1,PROPRIETARY,false,""
quinto-primaria-naturales_34,"¿Qué características tiene el estado líquido?",Ciencias Naturales,5º Primaria,La materia,Líquido,PROCEDIMIENTO,NAT_PRI5_C2.1,PROPRIETARY,"Creación propia - EduAnalytics",0.8,PROCEDIMIENTO,NAT_PRI5_C2.1,PROPRIETARY,false,""
quinto-primaria-naturales_35,"¿Qué características tiene el estado gaseoso?",Ciencias Naturales,5º Primaria,La materia,Gaseoso,PROCEDIMIENTO,NAT_PRI5_C2.1,PROPRIETARY,"Creación propia - EduAnalytics",0.8,PROCEDIMIENTO,NAT_PRI5_C2.1,PROPRIETARY,false,""
quinto-primaria-naturales_42,"Nombra 5 tipos de energía",Ciencias Naturales,5º Primaria,La energía,Tipos,PROCEDIMIENTO,NAT_PRI5_C2.2,PROPRIETARY,"Creación propia - EduAnalytics",0.8,PROCEDIMIENTO,NAT_PRI5_C2.2,PROPRIETARY,false,""
quinto-primaria-naturales_43,"¿Qué son las energías renovables? Da ejemplos",Ciencias Naturales,5º Primaria,La energía,Renovables,PROCEDIMIENTO,NAT_PRI5_C2.2,PROPRIETARY,"Creación propia - EduAnalytics",0.8,PROCEDIMIENTO,NAT_PRI5_C2.2,PROPRIETARY,false,""
quinto-primaria-naturales_44,"¿Qué son las energías no renovables? Da ejemplos",Ciencias Naturales,5º Primaria,La energía,No renovables,PROCEDIMIENTO,NAT_PRI5_C2.2,PROPRIETARY,"Creación propia - EduAnalytics",0.8,PROCEDIMIENTO,NAT_PRI5_C2.2,PROPRIETARY,false,""
quinto-primaria-naturales_48,"¿Puede la energía transformarse?",Ciencias Naturales,5º Primaria,La energía,Transformación,PROCEDIMIENTO,NAT_PRI5_C2.2,PROPRIETARY,"Creación propia - EduAnalytics",0.8,PROCEDIMIENTO,NAT_PRI5_C2.2,PROPRIETARY,false,""
quinto-primaria-naturales_49,"Di 3 formas de ahorrar energía en casa",Ciencias Naturales,5º Primaria,La energía,Ahorro,PROCEDIMIENTO,NAT_PRI5_C2.2,PROPRIETARY,"Creación propia - EduAnalytics",0.8,PROCEDIMIENTO,NAT_PRI5_C2.2,PROPRIETARY,false,""
quinto-primaria-naturales_50,"¿Qué hacen los paneles solares fotovoltaicos?",Ciencias Naturales,5º Primaria,La energía,Fotovoltaica,PROCEDIMIENTO,NAT_PRI5_C2.2,PROPRIETARY,"Creación propia - EduAnalytics",0.8,PROCEDIMIENTO,NAT_PRI5_C2.2,PROPRIETARY,false,""
quinto-primaria-sociales_1,"¿Cuándo empezó la Edad Moderna?",Ciencias Sociales,5º Primaria,Ciencias Sociales,Inicio,PROCEDIMIENTO,SOC_PRI5_C1.1,PROPRIETARY,"Creación propia - EduAnalytics",0.8,PROCEDIMIENTO,SOC_PRI5_C1.1,PROPRIETARY,false,""
quinto-primaria-sociales_2,"¿Quiénes eran los Reyes Católicos?",Ciencias Sociales,5º Primaria,Ciencias Sociales,Reyes Católicos,PROCEDIMIENTO,SOC_PRI5_C1.1,PROPRIETARY,"Creación propia - EduAnalytics",0.8,PROCEDIMIENTO,SOC_PRI5_C1.1,PROPRIETARY,false,""
quinto-primaria-sociales_3,"¿En qué año descubrió Colón América?",Ciencias Sociales,5º Primaria,Ciencias Sociales,Descubrimiento,PROCEDIMIENTO,SOC_PRI5_C1.1,PROPRIETARY,"Creación propia - EduAnalytics",0.8,PROCEDIMIENTO,SOC_PRI5_C1.1,PROPRIETARY,false,""
quinto-primaria-sociales_4,"Nombra las 3 carabelas de Colón",Ciencias Sociales,5º Primaria,Ciencias Sociales,Carabelas,PROCEDIMIENTO,SOC_PRI5_C1.1,PROPRIETARY,"Creación propia - EduAnalytics",0.8,PROCEDIMIENTO,SOC_PRI5_C1.1,PROPRIETARY,false,""
quinto-primaria-sociales_5,"¿Qué territorios conquistó España en América?",Ciencias Sociales,5º Primaria,Ciencias Sociales,Imperio,PROCEDIMIENTO,SOC_PRI5_C1.1,PROPRIETARY,"Creación propia - EduAnalytics",0.8,PROCEDIMIENTO,SOC_PRI5_C1.1,PROPRIETARY,false,""
quinto-primaria-sociales_7,"¿Qué hizo Felipe II?",Ciencias Sociales,5º Primaria,Ciencias Sociales,Felipe II,PROCEDIMIENTO,SOC_PRI5_C1.1,PROPRIETARY,"Creación propia - EduAnalytics",0.8,PROCEDIMIENTO,SOC_PRI5_C1.1,PROPRIETARY,false,""
quinto-primaria-sociales_8,"¿Qué fue el Siglo de Oro español?",Ciencias Sociales,5º Primaria,Ciencias Sociales,Siglo de Oro,PROCEDIMIENTO,SOC_PRI5_C1.1,PROPRIETARY,"Creación propia - EduAnalytics",0.8,PROCEDIMIENTO,SOC_PRI5_C1.1,PROPRIETARY,false,""
quinto-primaria-sociales_9,"¿Quién escribió Don Quijote de la Mancha?",Ciencias Sociales,5º Primaria,Ciencias Sociales,Cervantes,PROCEDIMIENTO,SOC_PRI5_C1.1,PROPRIETARY,"Creación propia - EduAnalytics",0.8,PROCEDIMIENTO,SOC_PRI5_C1.1,PROPRIETARY,false,""
quinto-primaria-sociales_10,"Nombra un pintor famoso del Siglo de Oro",Ciencias Sociales,5º Primaria,Ciencias Sociales,Arte,PROCEDIMIENTO,SOC_PRI5_C1.1,PROPRIETARY,"Creación propia - EduAnalytics",0.8,PROCEDIMIENTO,SOC_PRI5_C1.1,PROPRIETARY,false,""
quinto-primaria-sociales_11,"¿Cuándo empezó la Edad Contemporánea en España?",Ciencias Sociales,5º Primaria,La Edad Contemporánea en España,Inicio,PROCEDIMIENTO,SOC_PRI5_C2.1,PROPRIETARY,"Creación propia - EduAnalytics",0.8,PROCEDIMIENTO,SOC_PRI5_C2.1,PROPRIETARY,false,""
quinto-primaria-sociales_12,"¿Quién invadió España en 1808?",Ciencias Sociales,5º Primaria,La Edad Contemporánea en España,Napoleón,PROCEDIMIENTO,SOC_PRI5_C2.1,PROPRIETARY,"Creación propia - EduAnalytics",0.8,PROCEDIMIENTO,SOC_PRI5_C2.1,PROPRIETARY,false,""
quinto-primaria-sociales_13,"¿Qué se aprobó en 1812 en Cádiz?",Ciencias Sociales,5º Primaria,La Edad Contemporánea en España,Constitución,PROCEDIMIENTO,SOC_PRI5_C2.1,PROPRIETARY,"Creación propia - EduAnalytics",0.8,PROCEDIMIENTO,SOC_PRI5_C2.1,PROPRIETARY,false,""
quinto-primaria-sociales_15,"¿Qué forma de gobierno tuvo España en el siglo XX?",Ciencias Sociales,5º Primaria,La Edad Contemporánea en España,Restauración,PROCEDIMIENTO,SOC_PRI5_C2.1,PROPRIETARY,"Creación propia - EduAnalytics",0.8,PROCEDIMIENTO,SOC_PRI5_C2.1,PROPRIETARY,false,""
quinto-primaria-sociales_16,"¿Cuándo se proclamó la II República?",Ciencias Sociales,5º Primaria,La Edad Contemporánea en España,República,PROCEDIMIENTO,SOC_PRI5_C2.1,PROPRIETARY,"Creación propia - EduAnalytics",0.8,PROCEDIMIENTO,SOC_PRI5_C2.1,PROPRIETARY,false,""
quinto-primaria-sociales_17,"¿Cuándo fue la Guerra Civil española?",Ciencias Sociales,5º Primaria,La Edad Contemporánea en España,Guerra Civil,PROCEDIMIENTO,SOC_PRI5_C2.1,PROPRIETARY,"Creación propia - EduAnalytics",0.8,PROCEDIMIENTO,SOC_PRI5_C2.1,PROPRIETARY,false,""
quinto-primaria-sociales_18,"¿Quién gobernó España después de la Guerra Civil?",Ciencias Sociales,5º Primaria,La Edad Contemporánea en España,Dictadura,PROCEDIMIENTO,SOC_PRI5_C2.1,PROPRIETARY,"Creación propia - EduAnalytics",0.8,PROCEDIMIENTO,SOC_PRI5_C2.1,PROPRIETARY,false,""
quinto-primaria-sociales_19,"¿Cuándo volvió la democracia a España?",Ciencias Sociales,5º Primaria,La Edad Contemporánea en España,Democracia,PROCEDIMIENTO,SOC_PRI5_C2.1,PROPRIETARY,"Creación propia - EduAnalytics",0.8,PROCEDIMIENTO,SOC_PRI5_C2.1,PROPRIETARY,false,""
quinto-primaria-sociales_20,"¿En qué año entró España en la Unión Europea?",Ciencias Sociales,5º Primaria,La Edad Contemporánea en España,UE,PROCEDIMIENTO,SOC_PRI5_C2.1,PROPRIETARY,"Creación propia - EduAnalytics",0.8,PROCEDIMIENTO,SOC_PRI5_C2.1,PROPRIETARY,false,""
quinto-primaria-sociales_21,"Nombra los 8 planetas del Sistema Solar en orden",Ciencias Sociales,5º Primaria,El Universo y la Tierra,Sistema Solar,PROCEDIMIENTO,SOC_PRI5_C1.1,PROPRIETARY,"Creación propia - EduAnalytics",0.8,PROCEDIMIENTO,SOC_PRI5_C1.1,PROPRIETARY,false,""
quinto-primaria-sociales_24,"¿Cómo se llama nuestra galaxia?",Ciencias Sociales,5º Primaria,El Universo y la Tierra,Galaxia,PROCEDIMIENTO,SOC_PRI5_C1.1,PROPRIETARY,"Creación propia - EduAnalytics",0.8,PROCEDIMIENTO,SOC_PRI5_C1.1,PROPRIETARY,false,""
quinto-primaria-sociales_27,"¿Por qué hay estaciones del año?",Ciencias Sociales,5º Primaria,El Universo y la Tierra,Estaciones,PROCEDIMIENTO,SOC_PRI5_C1.1,PROPRIETARY,"Creación propia - EduAnalytics",0.8,PROCEDIMIENTO,SOC_PRI5_C1.1,PROPRIETARY,false,""
quinto-primaria-sociales_28,"Nombra las 4 fases principales de la Luna",Ciencias Sociales,5º Primaria,El Universo y la Tierra,Fases Luna,PROCEDIMIENTO,SOC_PRI5_C1.1,PROPRIETARY,"Creación propia - EduAnalytics",0.8,PROCEDIMIENTO,SOC_PRI5_C1.1,PROPRIETARY,false,""
quinto-primaria-sociales_30,"Nombra las 3 capas principales de la Tierra",Ciencias Sociales,5º Primaria,El Universo y la Tierra,Capas Tierra,PROCEDIMIENTO,SOC_PRI5_C1.1,PROPRIETARY,"Creación propia - EduAnalytics",0.8,PROCEDIMIENTO,SOC_PRI5_C1.1,PROPRIETARY,false,""
quinto-primaria-sociales_31,"Nombra los 6 continentes",Ciencias Sociales,5º Primaria,El relieve de Europa,Continentes,PROCEDIMIENTO,SOC_PRI5_C1.1,PROPRIETARY,"Creación propia - EduAnalytics",0.8,PROCEDIMIENTO,SOC_PRI5_C1.1,PROPRIETARY,false,""
quinto-primaria-sociales_32,"Nombra los 5 océanos",Ciencias Sociales,5º Primaria,El relieve de Europa,Océanos,PROCEDIMIENTO,SOC_PRI5_C1.1,PROPRIETARY,"Creación propia - EduAnalytics",0.8,PROCEDIMIENTO,SOC_PRI5_C1.1,PROPRIETARY,false,""
quinto-primaria-sociales_33,"¿Qué mares y océanos rodean Europa?",Ciencias Sociales,5º Primaria,El relieve de Europa,Europa límites,PROCEDIMIENTO,SOC_PRI5_C1.1,PROPRIETARY,"Creación propia - EduAnalytics",0.8,PROCEDIMIENTO,SOC_PRI5_C1.1,PROPRIETARY,false,""
quinto-primaria-sociales_34,"Nombra 3 cordilleras importantes de Europa",Ciencias Sociales,5º Primaria,El relieve de Europa,Cordilleras Europa,PROCEDIMIENTO,SOC_PRI5_C1.1,PROPRIETARY,"Creación propia - EduAnalytics",0.8,PROCEDIMIENTO,SOC_PRI5_C1.1,PROPRIETARY,false,""
quinto-primaria-sociales_35,"Nombra 3 ríos importantes de Europa",Ciencias Sociales,5º Primaria,El relieve de Europa,Ríos Europa,PROCEDIMIENTO,SOC_PRI5_C1.1,PROPRIETARY,"Creación propia - EduAnalytics",0.8,PROCEDIMIENTO,SOC_PRI5_C1.1,PROPRIETARY,false,""
quinto-primaria-sociales_46,"¿Qué países forman la Península Ibérica?",Ciencias Sociales,5º Primaria,Países de Europa,Península Ibérica,PROCEDIMIENTO,SOC_PRI5_C1.1,PROPRIETARY,"Creación propia - EduAnalytics",0.8,PROCEDIMIENTO,SOC_PRI5_C1.1,PROPRIETARY,false,""
quinto-primaria-sociales_47,"Nombra un país muy pequeño de Europa",Ciencias Sociales,5º Primaria,Países de Europa,Países pequeños,PROCEDIMIENTO,SOC_PRI5_C1.1,PROPRIETARY,"Creación propia - EduAnalytics",0.8,PROCEDIMIENTO,SOC_PRI5_C1.1,PROPRIETARY,false,""
quinto-primaria-sociales_48,"Nombra 4 idiomas que se hablan en Europa",Ciencias Sociales,5º Primaria,Países de Europa,Idiomas,PROCEDIMIENTO,SOC_PRI5_C1.1,PROPRIETARY,"Creación propia - EduAnalytics",0.8,PROCEDIMIENTO,SOC_PRI5_C1.1,PROPRIETARY,false,""
quinto-primaria-sociales_50,"Nombra 2 países nórdicos (del norte de Europa)",Ciencias Sociales,5º Primaria,Países de Europa,Países nórdicos,PROCEDIMIENTO,SOC_PRI5_C1.1,PROPRIETARY,"Creación propia - EduAnalytics",0.8,PROCEDIMIENTO,SOC_PRI5_C1.1,PROPRIETARY,false,""
santillana-4-primaria-GALEGO_2,"Segundo o texto anterior, que lle gusta facer ao gato?",Lingua Galega,4º Primaria,Lingua Galega,Detalles,PROCEDIMIENTO,GAL_PRI4_C1.1,PROPRIETARY,"Santillana",0.81,PROCEDIMIENTO,GAL_PRI4_C1.1,PROPRIETARY,false,""
santillana-4-primaria-GALEGO_5,"Cal é o contrario de ""grande""?",Lingua Galega,4º Primaria,Lingua Galega,Antónimos,PROCEDIMIENTO,GAL_PRI4_C1.1,PROPRIETARY,"Santillana",0.81,PROCEDIMIENTO,GAL_PRI4_C1.1,PROPRIETARY,false,""
santillana-4-primaria-GALEGO_6,"Ordena: ""Comín unha mazá. Lavei a mazá. Merquei a mazá.""",Lingua Galega,4º Primaria,Lingua Galega,Ordenar,PROCEDIMIENTO,GAL_PRI4_C1.1,PROPRIETARY,"Santillana",0.81,PROCEDIMIENTO,GAL_PRI4_C1.1,PROPRIETARY,false,""
santillana-4-primaria-GALEGO_8,"No conto de Carapuchiña, quen é o malo?",Lingua Galega,4º Primaria,Lingua Galega,Personaxes,PROCEDIMIENTO,GAL_PRI4_C1.1,PROPRIETARY,"Santillana",0.81,PROCEDIMIENTO,GAL_PRI4_C1.1,PROPRIETARY,false,""
santillana-4-primaria-GALEGO_9,"Se un texto fala de ondas, area e sombreiros, onde pasa?",Lingua Galega,4º Primaria,Lingua Galega,Lugar,PROCEDIMIENTO,GAL_PRI4_C1.1,PROPRIETARY,"Santillana",0.81,PROCEDIMIENTO,GAL_PRI4_C1.1,PROPRIETARY,false,""
santillana-4-primaria-GALEGO_10,"Se di ""Onte fun ao cine"", cando foi?",Lingua Galega,4º Primaria,Lingua Galega,Tempo,PROCEDIMIENTO,GAL_PRI4_C1.1,PROPRIETARY,"Santillana",0.81,PROCEDIMIENTO,GAL_PRI4_C1.1,PROPRIETARY,false,""
santillana-4-primaria-GALEGO_11,"Unha receita de cociña é un texto...",Lingua Galega,4º Primaria,Lingua Galega,Tipo de texto,PROCEDIMIENTO,GAL_PRI4_C1.1,PROPRIETARY,"Santillana",0.81,PROCEDIMIENTO,GAL_PRI4_C1.1,PROPRIETARY,false,""
santillana-4-primaria-GALEGO_12,"Se dicimos ""e viviron felices"", é...",Lingua Galega,4º Primaria,Lingua Galega,Final do conto,PROCEDIMIENTO,GAL_PRI4_C1.1,PROPRIETARY,"Santillana",0.81,PROCEDIMIENTO,GAL_PRI4_C1.1,PROPRIETARY,false,""
santillana-4-primaria-GALEGO_13,"En ""O can ladra"", cal é o sustantivo?",Lingua Galega,4º Primaria,Gramática Galega,Sustantivos,PROCEDIMIENTO,GAL_PRI4_C1.1,PROPRIETARY,"Santillana",0.81,PROCEDIMIENTO,GAL_PRI4_C1.1,PROPRIETARY,false,""
santillana-4-primaria-GALEGO_14,"En ""A nena corre"", cal é o verbo?",Lingua Galega,4º Primaria,Gramática Galega,Verbos,PROCEDIMIENTO,GAL_PRI4_C1.1,PROPRIETARY,"Santillana",0.81,PROCEDIMIENTO,GAL_PRI4_C1.1,PROPRIETARY,false,""
santillana-4-primaria-GALEGO_15,"En ""O gato negro"", cal é o adxectivo?",Lingua Galega,4º Primaria,Gramática Galega,Adxectivos,PROCEDIMIENTO,GAL_PRI4_C1.1,PROPRIETARY,"Santillana",0.81,PROCEDIMIENTO,GAL_PRI4_C1.1,PROPRIETARY,false,""
santillana-4-primaria-GALEGO_17,"Plural de ""lapis""",Lingua Galega,4º Primaria,Gramática Galega,Singular/Plural,PROCEDIMIENTO,GAL_PRI4_C1.1,PROPRIETARY,"Santillana",0.81,PROCEDIMIENTO,GAL_PRI4_C1.1,PROPRIETARY,false,""
santillana-4-primaria-GALEGO_18,"Feminino de ""gato""",Lingua Galega,4º Primaria,Gramática Galega,Xénero,PROCEDIMIENTO,GAL_PRI4_C1.1,PROPRIETARY,"Santillana",0.81,PROCEDIMIENTO,GAL_PRI4_C1.1,PROPRIETARY,false,""
santillana-4-primaria-GALEGO_19,"En ""Os nenos xogan"", quen realiza a acción?",Lingua Galega,4º Primaria,Gramática Galega,Suxeito,PROCEDIMIENTO,GAL_PRI4_C1.1,PROPRIETARY,"Santillana",0.81,PROCEDIMIENTO,GAL_PRI4_C1.1,PROPRIETARY,false,""
santillana-4-primaria-GALEGO_20,"En ""O paxaro canta"", que se di do paxaro?",Lingua Galega,4º Primaria,Gramática Galega,Predicado,PROCEDIMIENTO,GAL_PRI4_C1.1,PROPRIETARY,"Santillana",0.81,PROCEDIMIENTO,GAL_PRI4_C1.1,PROPRIETARY,false,""
santillana-4-primaria-GALEGO_21,"¿""Rapidamente"" é sustantivo, verbo ou adverbio?",Lingua Galega,4º Primaria,Gramática Galega,Tipos de palabras,PROCEDIMIENTO,GAL_PRI4_C1.1,PROPRIETARY,"Santillana",0.81,PROCEDIMIENTO,GAL_PRI4_C1.1,PROPRIETARY,false,""
santillana-4-primaria-GALEGO_22,"""Xoguei"" está en pasado, presente ou futuro?",Lingua Galega,4º Primaria,Gramática Galega,Tempo verbal,PROCEDIMIENTO,GAL_PRI4_C1.1,PROPRIETARY,"Santillana",0.81,PROCEDIMIENTO,GAL_PRI4_C1.1,PROPRIETARY,false,""
santillana-4-primaria-GALEGO_24,"Aumentativo de ""casa""",Lingua Galega,4º Primaria,Gramática Galega,Aumentativos,PROCEDIMIENTO,GAL_PRI4_C1.1,PROPRIETARY,"Santillana",0.81,PROCEDIMIENTO,GAL_PRI4_C1.1,PROPRIETARY,false,""
santillana-4-primaria-GALEGO_26,"Como se di ""lluvia"" en galego?",Lingua Galega,4º Primaria,Ortografía da Lingua Galega,LL en galego,PROCEDIMIENTO,GAL_PRI4_C1.2,PROPRIETARY,"Santillana",0.81,PROCEDIMIENTO,GAL_PRI4_C1.2,PROPRIETARY,false,""
santillana-4-primaria-GALEGO_28,"Di unha palabra galega con CH",Lingua Galega,4º Primaria,Ortografía da Lingua Galega,Ch galega,PROCEDIMIENTO,GAL_PRI4_C1.2,PROPRIETARY,"Santillana",0.81,PROCEDIMIENTO,GAL_PRI4_C1.2,PROPRIETARY,false,""
santillana-4-primaria-GALEGO_29,"Como se di ""enero"" en galego?",Lingua Galega,4º Primaria,Ortografía da Lingua Galega,X inicial,PROCEDIMIENTO,GAL_PRI4_C1.2,PROPRIETARY,"Santillana",0.81,PROCEDIMIENTO,GAL_PRI4_C1.2,PROPRIETARY,false,""
santillana-4-primaria-GALEGO_30,"Algunhas persoas din ""xato"" en vez de...",Lingua Galega,4º Primaria,Ortografía da Lingua Galega,Gheada,PROCEDIMIENTO,GAL_PRI4_C1.2,PROPRIETARY,"Santillana",0.81,PROCEDIMIENTO,GAL_PRI4_C1.2,PROPRIETARY,false,""
santillana-4-primaria-GALEGO_36,"Como se di ""techo"" en galego?",Lingua Galega,4º Primaria,Vocabulario Galego Avanzado,A casa,PROCEDIMIENTO,GAL_PRI4_C1.3,PROPRIETARY,"Santillana",0.81,PROCEDIMIENTO,GAL_PRI4_C1.3,PROPRIETARY,false,""
santillana-4-primaria-GALEGO_37,"Como se di ""rodilla"" en galego?",Lingua Galega,4º Primaria,Vocabulario Galego Avanzado,O corpo,PROCEDIMIENTO,GAL_PRI4_C1.3,PROPRIETARY,"Santillana",0.81,PROCEDIMIENTO,GAL_PRI4_C1.3,PROPRIETARY,false,""
santillana-4-primaria-GALEGO_38,"Como se di ""miércoles"" en galego?",Lingua Galega,4º Primaria,Vocabulario Galego Avanzado,Os días,PROCEDIMIENTO,GAL_PRI4_C1.3,PROPRIETARY,"Santillana",0.81,PROCEDIMIENTO,GAL_PRI4_C1.3,PROPRIETARY,false,""
santillana-4-primaria-GALEGO_39,"Como se di ""agosto"" en galego?",Lingua Galega,4º Primaria,Vocabulario Galego Avanzado,Os meses,PROCEDIMIENTO,GAL_PRI4_C1.3,PROPRIETARY,"Santillana",0.81,PROCEDIMIENTO,GAL_PRI4_C1.3,PROPRIETARY,false,""
santillana-4-primaria-GALEGO_40,"Como se di ""niebla"" en galego?",Lingua Galega,4º Primaria,Vocabulario Galego Avanzado,O tempo,PROCEDIMIENTO,GAL_PRI4_C1.3,PROPRIETARY,"Santillana",0.81,PROCEDIMIENTO,GAL_PRI4_C1.3,PROPRIETARY,false,""
santillana-4-primaria-GALEGO_41,"Como se di ""pizarra"" en galego?",Lingua Galega,4º Primaria,Vocabulario Galego Avanzado,A escola,PROCEDIMIENTO,GAL_PRI4_C1.3,PROPRIETARY,"Santillana",0.81,PROCEDIMIENTO,GAL_PRI4_C1.3,PROPRIETARY,false,""
santillana-4-primaria-GALEGO_42,"Como se di ""naranja"" (color) en galego?",Lingua Galega,4º Primaria,Vocabulario Galego Avanzado,As cores,PROCEDIMIENTO,GAL_PRI4_C1.3,PROPRIETARY,"Santillana",0.81,PROCEDIMIENTO,GAL_PRI4_C1.3,PROPRIETARY,false,""
santillana-4-primaria-GALEGO_43,"Como se di ""quinientos"" en galego?",Lingua Galega,4º Primaria,Vocabulario Galego Avanzado,Os números,PROCEDIMIENTO,GAL_PRI4_C1.3,PROPRIETARY,"Santillana",0.81,PROCEDIMIENTO,GAL_PRI4_C1.3,PROPRIETARY,false,""
santillana-4-primaria-GALEGO_44,"Como se di ""pantalón"" en galego?",Lingua Galega,4º Primaria,Vocabulario Galego Avanzado,A roupa,PROCEDIMIENTO,GAL_PRI4_C1.3,PROPRIETARY,"Santillana",0.81,PROCEDIMIENTO,GAL_PRI4_C1.3,PROPRIETARY,false,""
santillana-4-primaria-GALEGO_45,"Como se di ""cuchara"" en galego?",Lingua Galega,4º Primaria,Vocabulario Galego Avanzado,Comida,PROCEDIMIENTO,GAL_PRI4_C1.3,PROPRIETARY,"Santillana",0.81,PROCEDIMIENTO,GAL_PRI4_C1.3,PROPRIETARY,false,""
santillana-4-primaria-GALEGO_46,"Como se di ""ratón"" en galego?",Lingua Galega,4º Primaria,Vocabulario Galego Avanzado,Animais,PROCEDIMIENTO,GAL_PRI4_C1.3,PROPRIETARY,"Santillana",0.81,PROCEDIMIENTO,GAL_PRI4_C1.3,PROPRIETARY,false,""
santillana-4-primaria-GALEGO_47,"Como se di ""de nada"" en galego?",Lingua Galega,4º Primaria,Vocabulario Galego Avanzado,Expresións,PROCEDIMIENTO,GAL_PRI4_C1.3,PROPRIETARY,"Santillana",0.81,PROCEDIMIENTO,GAL_PRI4_C1.3,PROPRIETARY,false,""
santillana-4-primaria-GALEGO_48,"Di 3 formas de saúdar en galego",Lingua Galega,4º Primaria,Redacción e Expresión en Galego,Saúdo,PROCEDIMIENTO,GAL_PRI4_C2.1,PROPRIETARY,"Santillana",0.81,PROCEDIMIENTO,GAL_PRI4_C2.1,PROPRIETARY,false,""
santillana-4-primaria-GALEGO_49,"Di 3 formas de despedirse en galego",Lingua Galega,4º Primaria,Redacción e Expresión en Galego,Despedida,PROCEDIMIENTO,GAL_PRI4_C2.1,PROPRIETARY,"Santillana",0.81,PROCEDIMIENTO,GAL_PRI4_C2.1,PROPRIETARY,false,""
santillana-4-primaria-GALEGO_50,"Como se di ""gracias"" en galego?",Lingua Galega,4º Primaria,Redacción e Expresión en Galego,Agradecer,PROCEDIMIENTO,GAL_PRI4_C2.1,PROPRIETARY,"Santillana",0.81,PROCEDIMIENTO,GAL_PRI4_C2.1,PROPRIETARY,false,""
santillana-4-primaria-GALEGO_51,"Como se di ""por favor"" en galego?",Lingua Galega,4º Primaria,Redacción e Expresión en Galego,Pedir por favor,PROCEDIMIENTO,GAL_PRI4_C2.1,PROPRIETARY,"Santillana",0.81,PROCEDIMIENTO,GAL_PRI4_C2.1,PROPRIETARY,false,""
santillana-4-primaria-GALEGO_54,"Como dirías: ""Hoy hace buen tiempo"" en galego?",Lingua Galega,4º Primaria,Redacción e Expresión en Galego,O tempo,PROCEDIMIENTO,GAL_PRI4_C2.1,PROPRIETARY,"Santillana",0.81,PROCEDIMIENTO,GAL_PRI4_C2.1,PROPRIETARY,false,""
santillana-4-primaria-GALEGO_57,"Como dirías ""me gusta el fútbol"" en galego?",Lingua Galega,4º Primaria,Redacción e Expresión en Galego,Gustos,PROCEDIMIENTO,GAL_PRI4_C2.1,PROPRIETARY,"Santillana",0.81,PROCEDIMIENTO,GAL_PRI4_C2.1,PROPRIETARY,false,""
santillana-4-primaria-GALEGO_59,"Como se di ""son las tres"" en galego?",Lingua Galega,4º Primaria,Redacción e Expresión en Galego,Hora,PROCEDIMIENTO,GAL_PRI4_C2.1,PROPRIETARY,"Santillana",0.81,PROCEDIMIENTO,GAL_PRI4_C2.1,PROPRIETARY,false,""
santillana-4-primaria-GALEGO_60,"Cal é a festa máis importante de Galicia?",Lingua Galega,4º Primaria,Cultura Galega,Festas,PROCEDIMIENTO,GAL_PRI4_C2.2,PROPRIETARY,"Santillana",0.81,PROCEDIMIENTO,GAL_PRI4_C2.2,PROPRIETARY,false,""
santillana-4-primaria-GALEGO_61,"Cal é o símbolo de Galicia?",Lingua Galega,4º Primaria,Cultura Galega,Símbolo,PROCEDIMIENTO,GAL_PRI4_C2.2,PROPRIETARY,"Santillana",0.81,PROCEDIMIENTO,GAL_PRI4_C2.2,PROPRIETARY,false,""
santillana-4-primaria-GALEGO_62,"Cal é o instrumento típico de Galicia?",Lingua Galega,4º Primaria,Cultura Galega,Música,PROCEDIMIENTO,GAL_PRI4_C2.2,PROPRIETARY,"Santillana",0.81,PROCEDIMIENTO,GAL_PRI4_C2.2,PROPRIETARY,false,""
santillana-4-primaria-GALEGO_63,"Di 3 pratos típicos de Galicia",Lingua Galega,4º Primaria,Cultura Galega,Comida,PROCEDIMIENTO,GAL_PRI4_C2.2,PROPRIETARY,"Santillana",0.81,PROCEDIMIENTO,GAL_PRI4_C2.2,PROPRIETARY,false,""
santillana-4-primaria-GALEGO_64,"Que é o Camiño de Santiago?",Lingua Galega,4º Primaria,Cultura Galega,Camiño,PROCEDIMIENTO,GAL_PRI4_C2.2,PROPRIETARY,"Santillana",0.81,PROCEDIMIENTO,GAL_PRI4_C2.2,PROPRIETARY,false,""
santillana-4-primaria-GALEGO_65,"Cantas provincias ten Galicia? Nómealas",Lingua Galega,4º Primaria,Cultura Galega,Provincias,PROCEDIMIENTO,GAL_PRI4_C2.2,PROPRIETARY,"Santillana",0.81,PROCEDIMIENTO,GAL_PRI4_C2.2,PROPRIETARY,false,""
santillana-4-primaria-GALEGO_66,"Cal é a capital de Galicia?",Lingua Galega,4º Primaria,Cultura Galega,Capital,PROCEDIMIENTO,GAL_PRI4_C2.2,PROPRIETARY,"Santillana",0.81,PROCEDIMIENTO,GAL_PRI4_C2.2,PROPRIETARY,false,""
santillana-4-primaria-GALEGO_67,"Di 2 ríos importantes de Galicia",Lingua Galega,4º Primaria,Cultura Galega,Ríos,PROCEDIMIENTO,GAL_PRI4_C2.2,PROPRIETARY,"Santillana",0.81,PROCEDIMIENTO,GAL_PRI4_C2.2,PROPRIETARY,false,""
santillana-4-primaria-GALEGO_68,"Que océano baña as costas de Galicia?",Lingua Galega,4º Primaria,Cultura Galega,Mar,PROCEDIMIENTO,GAL_PRI4_C2.2,PROPRIETARY,"Santillana",0.81,PROCEDIMIENTO,GAL_PRI4_C2.2,PROPRIETARY,false,""
santillana-4-primaria-GALEGO_69,"Quen escribiu ""Cantares Gallegos""?",Lingua Galega,4º Primaria,Cultura Galega,Literatura,PROCEDIMIENTO,GAL_PRI4_C2.2,PROPRIETARY,"Santillana",0.81,PROCEDIMIENTO,GAL_PRI4_C2.2,PROPRIETARY,false,""
santillana-4-primaria-GALEGO_70,"Que son as meigas?",Lingua Galega,4º Primaria,Cultura Galega,Lenda,PROCEDIMIENTO,GAL_PRI4_C2.2,PROPRIETARY,"Santillana",0.81,PROCEDIMIENTO,GAL_PRI4_C2.2,PROPRIETARY,false,""
santillana-4-primaria-GALEGO_71,"Que é a queimada?",Lingua Galega,4º Primaria,Cultura Galega,Tradición,PROCEDIMIENTO,GAL_PRI4_C2.2,PROPRIETARY,"Santillana",0.81,PROCEDIMIENTO,GAL_PRI4_C2.2,PROPRIETARY,false,""
santillana-4-primaria-INGLES_2,"Complete: I ____ (play) football every day",Inglés,4º Primaria,Inglés,Afirmativa,PROCEDIMIENTO,ING_PRI4_C1.1,PROPRIETARY,"Santillana",0.81,PROCEDIMIENTO,ING_PRI4_C1.1,PROPRIETARY,false,""
santillana-4-primaria-INGLES_3,"Complete: She ____ (play) tennis",Inglés,4º Primaria,Inglés,He/She/It,PROCEDIMIENTO,ING_PRI4_C1.1,PROPRIETARY,"Santillana",0.81,PROCEDIMIENTO,ING_PRI4_C1.1,PROPRIETARY,false,""
santillana-4-primaria-INGLES_4,"Make a question: You like ice cream",Inglés,4º Primaria,Inglés,Pregunta,PROCEDIMIENTO,ING_PRI4_C1.1,PROPRIETARY,"Santillana",0.81,PROCEDIMIENTO,ING_PRI4_C1.1,PROPRIETARY,false,""
santillana-4-primaria-INGLES_5,"Make a question: He plays football",Inglés,4º Primaria,Inglés,Pregunta 3ª,PROCEDIMIENTO,ING_PRI4_C1.1,PROPRIETARY,"Santillana",0.81,PROCEDIMIENTO,ING_PRI4_C1.1,PROPRIETARY,false,""
santillana-4-primaria-INGLES_6,"Do you like chocolate? (Yes)",Inglés,4º Primaria,Inglés,Respuesta corta,PROCEDIMIENTO,ING_PRI4_C1.1,PROPRIETARY,"Santillana",0.81,PROCEDIMIENTO,ING_PRI4_C1.1,PROPRIETARY,false,""
santillana-4-primaria-INGLES_7,"Put in order: always / I / breakfast / eat",Inglés,4º Primaria,Inglés,Frecuencia,PROCEDIMIENTO,ING_PRI4_C1.1,PROPRIETARY,"Santillana",0.81,PROCEDIMIENTO,ING_PRI4_C1.1,PROPRIETARY,false,""
santillana-4-primaria-INGLES_8,"Complete: My brother ____ (watch) TV every day",Inglés,4º Primaria,Inglés,Aplicar,PROCEDIMIENTO,ING_PRI4_C1.1,PROPRIETARY,"Santillana",0.81,PROCEDIMIENTO,ING_PRI4_C1.1,PROPRIETARY,false,""
santillana-4-primaria-INGLES_9,"Translate: Yo juego al fútbol",Inglés,4º Primaria,Inglés,Traducir,PROCEDIMIENTO,ING_PRI4_C1.1,PROPRIETARY,"Santillana",0.81,PROCEDIMIENTO,ING_PRI4_C1.1,PROPRIETARY,false,""
santillana-4-primaria-INGLES_11,"What is the structure? Subject + ...",Inglés,4º Primaria,Present Continuous,Estructura,PROCEDIMIENTO,ING_PRI4_C1.2,PROPRIETARY,"Santillana",0.81,PROCEDIMIENTO,ING_PRI4_C1.2,PROPRIETARY,false,""
santillana-4-primaria-INGLES_12,"Complete: I ____ (play) now",Inglés,4º Primaria,Present Continuous,Afirmativa,PROCEDIMIENTO,ING_PRI4_C1.2,PROPRIETARY,"Santillana",0.81,PROCEDIMIENTO,ING_PRI4_C1.2,PROPRIETARY,false,""
santillana-4-primaria-INGLES_13,"Complete: She ____ (run) now",Inglés,4º Primaria,Present Continuous,Con He/She,PROCEDIMIENTO,ING_PRI4_C1.2,PROPRIETARY,"Santillana",0.81,PROCEDIMIENTO,ING_PRI4_C1.2,PROPRIETARY,false,""
santillana-4-primaria-INGLES_14,"Complete: They ____ (eat) now",Inglés,4º Primaria,Present Continuous,Con They,PROCEDIMIENTO,ING_PRI4_C1.2,PROPRIETARY,"Santillana",0.81,PROCEDIMIENTO,ING_PRI4_C1.2,PROPRIETARY,false,""
santillana-4-primaria-INGLES_15,"Make a question: You are reading",Inglés,4º Primaria,Present Continuous,Pregunta,PROCEDIMIENTO,ING_PRI4_C1.2,PROPRIETARY,"Santillana",0.81,PROCEDIMIENTO,ING_PRI4_C1.2,PROPRIETARY,false,""
santillana-4-primaria-INGLES_16,"What is the -ing form of ""swim""?",Inglés,4º Primaria,Present Continuous,-ing spelling,PROCEDIMIENTO,ING_PRI4_C1.2,PROPRIETARY,"Santillana",0.81,PROCEDIMIENTO,ING_PRI4_C1.2,PROPRIETARY,false,""
santillana-4-primaria-INGLES_17,"What is the -ing form of ""make""?",Inglés,4º Primaria,Present Continuous,-ing spelling 2,PROCEDIMIENTO,ING_PRI4_C1.2,PROPRIETARY,"Santillana",0.81,PROCEDIMIENTO,ING_PRI4_C1.2,PROPRIETARY,false,""
santillana-4-primaria-INGLES_18,"Use Present Simple or Continuous: I ____ (eat) breakfast NOW",Inglés,4º Primaria,Present Continuous,Now vs Always,PROCEDIMIENTO,ING_PRI4_C1.2,PROPRIETARY,"Santillana",0.81,PROCEDIMIENTO,ING_PRI4_C1.2,PROPRIETARY,false,""
santillana-4-primaria-INGLES_19,"""I play"" vs ""I am playing"". Which is NOW?",Inglés,4º Primaria,Present Continuous,Diferencia,PROCEDIMIENTO,ING_PRI4_C1.2,PROPRIETARY,"Santillana",0.81,PROCEDIMIENTO,ING_PRI4_C1.2,PROPRIETARY,false,""
santillana-4-primaria-INGLES_20,"Look! The birds ____ (fly)",Inglés,4º Primaria,Present Continuous,Aplicar,PROCEDIMIENTO,ING_PRI4_C1.2,PROPRIETARY,"Santillana",0.81,PROCEDIMIENTO,ING_PRI4_C1.2,PROPRIETARY,false,""
santillana-4-primaria-INGLES_21,"Complete: I ____ happy yesterday",Inglés,4º Primaria,Past Simple (was/were),Was,PROCEDIMIENTO,ING_PRI4_C1.2,PROPRIETARY,"Santillana",0.81,PROCEDIMIENTO,ING_PRI4_C1.2,PROPRIETARY,false,""
santillana-4-primaria-INGLES_22,"Complete: They ____ at school yesterday",Inglés,4º Primaria,Past Simple (was/were),Were,PROCEDIMIENTO,ING_PRI4_C1.2,PROPRIETARY,"Santillana",0.81,PROCEDIMIENTO,ING_PRI4_C1.2,PROPRIETARY,false,""
santillana-4-primaria-INGLES_23,"Make a question: You were at home",Inglés,4º Primaria,Past Simple (was/were),Pregunta,PROCEDIMIENTO,ING_PRI4_C1.2,PROPRIETARY,"Santillana",0.81,PROCEDIMIENTO,ING_PRI4_C1.2,PROPRIETARY,false,""
santillana-4-primaria-INGLES_24,"Were you at school? (Yes)",Inglés,4º Primaria,Past Simple (was/were),Respuesta,PROCEDIMIENTO,ING_PRI4_C1.2,PROPRIETARY,"Santillana",0.81,PROCEDIMIENTO,ING_PRI4_C1.2,PROPRIETARY,false,""
santillana-4-primaria-INGLES_25,"I ____ (was/were) at the park",Inglés,4º Primaria,Past Simple (was/were),Elegir,PROCEDIMIENTO,ING_PRI4_C1.2,PROPRIETARY,"Santillana",0.81,PROCEDIMIENTO,ING_PRI4_C1.2,PROPRIETARY,false,""
santillana-4-primaria-INGLES_26,"We ____ (was/were) friends",Inglés,4º Primaria,Past Simple (was/were),Elegir 2,PROCEDIMIENTO,ING_PRI4_C1.2,PROPRIETARY,"Santillana",0.81,PROCEDIMIENTO,ING_PRI4_C1.2,PROPRIETARY,false,""
santillana-4-primaria-INGLES_27,"The weather ____ (was/were) sunny yesterday",Inglés,4º Primaria,Past Simple (was/were),Aplicar,PROCEDIMIENTO,ING_PRI4_C1.2,PROPRIETARY,"Santillana",0.81,PROCEDIMIENTO,ING_PRI4_C1.2,PROPRIETARY,false,""
santillana-4-primaria-INGLES_28,"Yesterday, last week, ago = Present or Past?",Inglés,4º Primaria,Past Simple (was/were),Tiempo,PROCEDIMIENTO,ING_PRI4_C1.2,PROPRIETARY,"Santillana",0.81,PROCEDIMIENTO,ING_PRI4_C1.2,PROPRIETARY,false,""
santillana-4-primaria-INGLES_29,"Translate: Yo estaba cansado",Inglés,4º Primaria,Past Simple (was/were),Traducir,PROCEDIMIENTO,ING_PRI4_C1.2,PROPRIETARY,"Santillana",0.81,PROCEDIMIENTO,ING_PRI4_C1.2,PROPRIETARY,false,""
santillana-4-primaria-INGLES_30,"Correct: She were happy",Inglés,4º Primaria,Past Simple (was/were),Corregir,PROCEDIMIENTO,ING_PRI4_C1.2,PROPRIETARY,"Santillana",0.81,PROCEDIMIENTO,ING_PRI4_C1.2,PROPRIETARY,false,""
santillana-4-primaria-INGLES_31,"How do you say ""despertarse""?",Inglés,4º Primaria,Vocabulary: Daily Routines,Despertar,PROCEDIMIENTO,ING_PRI4_C1.1,PROPRIETARY,"Santillana",0.81,PROCEDIMIENTO,ING_PRI4_C1.1,PROPRIETARY,false,""
santillana-4-primaria-INGLES_32,"How do you say ""levantarse""?",Inglés,4º Primaria,Vocabulary: Daily Routines,Levantarse,PROCEDIMIENTO,ING_PRI4_C1.1,PROPRIETARY,"Santillana",0.81,PROCEDIMIENTO,ING_PRI4_C1.1,PROPRIETARY,false,""
santillana-4-primaria-INGLES_33,"How do you say ""ducharse""?",Inglés,4º Primaria,Vocabulary: Daily Routines,Ducharse,PROCEDIMIENTO,ING_PRI4_C1.1,PROPRIETARY,"Santillana",0.81,PROCEDIMIENTO,ING_PRI4_C1.1,PROPRIETARY,false,""
santillana-4-primaria-INGLES_34,"How do you say ""vestirse""?",Inglés,4º Primaria,Vocabulary: Daily Routines,Vestirse,PROCEDIMIENTO,ING_PRI4_C1.1,PROPRIETARY,"Santillana",0.81,PROCEDIMIENTO,ING_PRI4_C1.1,PROPRIETARY,false,""
santillana-4-primaria-INGLES_35,"How do you say ""desayunar""?",Inglés,4º Primaria,Vocabulary: Daily Routines,Desayunar,PROCEDIMIENTO,ING_PRI4_C1.1,PROPRIETARY,"Santillana",0.81,PROCEDIMIENTO,ING_PRI4_C1.1,PROPRIETARY,false,""
santillana-4-primaria-INGLES_36,"How do you say ""ir al colegio""?",Inglés,4º Primaria,Vocabulary: Daily Routines,Ir al cole,PROCEDIMIENTO,ING_PRI4_C1.1,PROPRIETARY,"Santillana",0.81,PROCEDIMIENTO,ING_PRI4_C1.1,PROPRIETARY,false,""
santillana-4-primaria-INGLES_37,"How do you say ""comer/almorzar""?",Inglés,4º Primaria,Vocabulary: Daily Routines,Almorzar,PROCEDIMIENTO,ING_PRI4_C1.1,PROPRIETARY,"Santillana",0.81,PROCEDIMIENTO,ING_PRI4_C1.1,PROPRIETARY,false,""
santillana-4-primaria-INGLES_38,"How do you say ""hacer los deberes""?",Inglés,4º Primaria,Vocabulary: Daily Routines,Hacer deberes,PROCEDIMIENTO,ING_PRI4_C1.1,PROPRIETARY,"Santillana",0.81,PROCEDIMIENTO,ING_PRI4_C1.1,PROPRIETARY,false,""
santillana-4-primaria-INGLES_39,"How do you say ""cenar""?",Inglés,4º Primaria,Vocabulary: Daily Routines,Cenar,PROCEDIMIENTO,ING_PRI4_C1.1,PROPRIETARY,"Santillana",0.81,PROCEDIMIENTO,ING_PRI4_C1.1,PROPRIETARY,false,""
santillana-4-primaria-INGLES_40,"How do you say ""acostarse""?",Inglés,4º Primaria,Vocabulary: Daily Routines,Acostarse,PROCEDIMIENTO,ING_PRI4_C1.1,PROPRIETARY,"Santillana",0.81,PROCEDIMIENTO,ING_PRI4_C1.1,PROPRIETARY,false,""
santillana-4-primaria-INGLES_41,"Order: dinner / have / I / 8 / at",Inglés,4º Primaria,Vocabulary: Daily Routines,Ordenar,PROCEDIMIENTO,ING_PRI4_C1.1,PROPRIETARY,"Santillana",0.81,PROCEDIMIENTO,ING_PRI4_C1.1,PROPRIETARY,false,""
santillana-4-primaria-INGLES_42,"How do you say ""Matemáticas""?",Inglés,4º Primaria,Vocabulary: School Subjects,Matemáticas,PROCEDIMIENTO,ING_PRI4_C1.1,PROPRIETARY,"Santillana",0.81,PROCEDIMIENTO,ING_PRI4_C1.1,PROPRIETARY,false,""
santillana-4-primaria-INGLES_43,"How do you say ""Inglés"" (la asignatura)?",Inglés,4º Primaria,Vocabulary: School Subjects,Inglés,PROCEDIMIENTO,ING_PRI4_C1.1,PROPRIETARY,"Santillana",0.81,PROCEDIMIENTO,ING_PRI4_C1.1,PROPRIETARY,false,""
santillana-4-primaria-INGLES_44,"How do you say ""Ciencias""?",Inglés,4º Primaria,Vocabulary: School Subjects,Ciencias,PROCEDIMIENTO,ING_PRI4_C1.1,PROPRIETARY,"Santillana",0.81,PROCEDIMIENTO,ING_PRI4_C1.1,PROPRIETARY,false,""
santillana-4-primaria-INGLES_45,"How do you say ""Educación Física""?",Inglés,4º Primaria,Vocabulary: School Subjects,Educación Física,PROCEDIMIENTO,ING_PRI4_C1.1,PROPRIETARY,"Santillana",0.81,PROCEDIMIENTO,ING_PRI4_C1.1,PROPRIETARY,false,""
santillana-4-primaria-INGLES_46,"How do you say ""Arte/Plástica""?",Inglés,4º Primaria,Vocabulary: School Subjects,Arte,PROCEDIMIENTO,ING_PRI4_C1.1,PROPRIETARY,"Santillana",0.81,PROCEDIMIENTO,ING_PRI4_C1.1,PROPRIETARY,false,""
santillana-4-primaria-INGLES_47,"How do you say ""Música""?",Inglés,4º Primaria,Vocabulary: School Subjects,Música,PROCEDIMIENTO,ING_PRI4_C1.1,PROPRIETARY,"Santillana",0.81,PROCEDIMIENTO,ING_PRI4_C1.1,PROPRIETARY,false,""
santillana-4-primaria-INGLES_49,"How do you say ""Geografía""?",Inglés,4º Primaria,Vocabulary: School Subjects,Geografía,PROCEDIMIENTO,ING_PRI4_C1.1,PROPRIETARY,"Santillana",0.81,PROCEDIMIENTO,ING_PRI4_C1.1,PROPRIETARY,false,""
santillana-4-primaria-INGLES_50,"My favourite subject is ____ (Matemáticas)",Inglés,4º Primaria,Vocabulary: School Subjects,Aplicar,PROCEDIMIENTO,ING_PRI4_C1.1,PROPRIETARY,"Santillana",0.81,PROCEDIMIENTO,ING_PRI4_C1.1,PROPRIETARY,false,""
santillana-4-primaria-INGLES_51,"Complete: I have ____ on Monday",Inglés,4º Primaria,Vocabulary: School Subjects,Horario,PROCEDIMIENTO,ING_PRI4_C1.1,PROPRIETARY,"Santillana",0.81,PROCEDIMIENTO,ING_PRI4_C1.1,PROPRIETARY,false,""
santillana-4-primaria-INGLES_52,"How do you say ""difícil"" (sobre una asignatura)?",Inglés,4º Primaria,Vocabulary: School Subjects,Opinión,PROCEDIMIENTO,ING_PRI4_C1.1,PROPRIETARY,"Santillana",0.81,PROCEDIMIENTO,ING_PRI4_C1.1,PROPRIETARY,false,""
santillana-4-primaria-INGLES_53,"Name 3 fruits in English",Inglés,4º Primaria,Vocabulary: Food and Drinks,Frutas,PROCEDIMIENTO,ING_PRI4_C1.1,PROPRIETARY,"Santillana",0.81,PROCEDIMIENTO,ING_PRI4_C1.1,PROPRIETARY,false,""
santillana-4-primaria-INGLES_54,"Name 3 vegetables in English",Inglés,4º Primaria,Vocabulary: Food and Drinks,Verduras,PROCEDIMIENTO,ING_PRI4_C1.1,PROPRIETARY,"Santillana",0.81,PROCEDIMIENTO,ING_PRI4_C1.1,PROPRIETARY,false,""
santillana-4-primaria-INGLES_55,"Name 3 drinks in English",Inglés,4º Primaria,Vocabulary: Food and Drinks,Bebidas,PROCEDIMIENTO,ING_PRI4_C1.1,PROPRIETARY,"Santillana",0.81,PROCEDIMIENTO,ING_PRI4_C1.1,PROPRIETARY,false,""
santillana-4-primaria-INGLES_56,"What do you have for breakfast?",Inglés,4º Primaria,Vocabulary: Food and Drinks,Desayuno,PROCEDIMIENTO,ING_PRI4_C1.1,PROPRIETARY,"Santillana",0.81,PROCEDIMIENTO,ING_PRI4_C1.1,PROPRIETARY,false,""
santillana-4-primaria-INGLES_57,"Complete: I like ____  (algo de comida)",Inglés,4º Primaria,Vocabulary: Food and Drinks,Me gusta,PROCEDIMIENTO,ING_PRI4_C1.1,PROPRIETARY,"Santillana",0.81,PROCEDIMIENTO,ING_PRI4_C1.1,PROPRIETARY,false,""
santillana-4-primaria-INGLES_58,"Which is countable: ""apple"" or ""milk""?",Inglés,4º Primaria,Vocabulary: Food and Drinks,Contable,PROCEDIMIENTO,ING_PRI4_C1.1,PROPRIETARY,"Santillana",0.81,PROCEDIMIENTO,ING_PRI4_C1.1,PROPRIETARY,false,""
santillana-4-primaria-INGLES_59,"I have ____ apples (some/any)",Inglés,4º Primaria,Vocabulary: Food and Drinks,Some/Any,PROCEDIMIENTO,ING_PRI4_C1.1,PROPRIETARY,"Santillana",0.81,PROCEDIMIENTO,ING_PRI4_C1.1,PROPRIETARY,false,""
santillana-4-primaria-INGLES_60,"Is pizza healthy or unhealthy?",Inglés,4º Primaria,Vocabulary: Food and Drinks,Comida chatarra,PROCEDIMIENTO,ING_PRI4_C1.1,PROPRIETARY,"Santillana",0.81,PROCEDIMIENTO,ING_PRI4_C1.1,PROPRIETARY,false,""
santillana-4-primaria-INGLES_61,"Is an apple healthy or unhealthy?",Inglés,4º Primaria,Vocabulary: Food and Drinks,Comida sana,PROCEDIMIENTO,ING_PRI4_C1.1,PROPRIETARY,"Santillana",0.81,PROCEDIMIENTO,ING_PRI4_C1.1,PROPRIETARY,false,""
santillana-4-primaria-LENGUA_2,"¿Cuándo llevan tilde las palabras agudas?",Lengua Castellana,4º Primaria,Lengua Castellana,Tilde aguda,PROCEDIMIENTO,LEN_PRI4_C1.1,PROPRIETARY,"Santillana",0.81,PROCEDIMIENTO,LEN_PRI4_C1.1,PROPRIETARY,false,""
santillana-4-primaria-LENGUA_3,"¿Es aguda la palabra ""ratón""?",Lengua Castellana,4º Primaria,Lengua Castellana,Identificar aguda,PROCEDIMIENTO,LEN_PRI4_C1.1,PROPRIETARY,"Santillana",0.81,PROCEDIMIENTO,LEN_PRI4_C1.1,PROPRIETARY,false,""
santillana-4-primaria-LENGUA_8,"¿Cuándo llevan tilde las palabras esdrújulas?",Lengua Castellana,4º Primaria,Lengua Castellana,Tilde esdrújula,PROCEDIMIENTO,LEN_PRI4_C1.1,PROPRIETARY,"Santillana",0.81,PROCEDIMIENTO,LEN_PRI4_C1.1,PROPRIETARY,false,""
santillana-4-primaria-LENGUA_9,"Clasifica ""pájaro""",Lengua Castellana,4º Primaria,Lengua Castellana,Clasificar 1,PROCEDIMIENTO,LEN_PRI4_C1.1,PROPRIETARY,"Santillana",0.81,PROCEDIMIENTO,LEN_PRI4_C1.1,PROPRIETARY,false,""
santillana-4-primaria-LENGUA_10,"Clasifica ""canción""",Lengua Castellana,4º Primaria,Lengua Castellana,Clasificar 2,PROCEDIMIENTO,LEN_PRI4_C1.1,PROPRIETARY,"Santillana",0.81,PROCEDIMIENTO,LEN_PRI4_C1.1,PROPRIETARY,false,""
santillana-4-primaria-LENGUA_11,"Añade la tilde si hace falta: ""lapiz""",Lengua Castellana,4º Primaria,Lengua Castellana,Añadir tildes,PROCEDIMIENTO,LEN_PRI4_C1.1,PROPRIETARY,"Santillana",0.81,PROCEDIMIENTO,LEN_PRI4_C1.1,PROPRIETARY,false,""
santillana-4-primaria-LENGUA_15,"En ""Ayer jugué al fútbol"", ¿en qué tiempo está el verbo?",Lengua Castellana,4º Primaria,El Verbo - Tiempos Verbales,Pasado,PROCEDIMIENTO,LEN_PRI4_C1.1,PROPRIETARY,"Santillana",0.81,PROCEDIMIENTO,LEN_PRI4_C1.1,PROPRIETARY,false,""
santillana-4-primaria-LENGUA_22,"En ""Nosotros jugamos"", ¿qué persona es?",Lengua Castellana,4º Primaria,El Verbo - Tiempos Verbales,Persona,PROCEDIMIENTO,LEN_PRI4_C1.1,PROPRIETARY,"Santillana",0.81,PROCEDIMIENTO,LEN_PRI4_C1.1,PROPRIETARY,false,""
santillana-4-primaria-LENGUA_23,"Cambia a futuro: ""Hoy juego al fútbol""",Lengua Castellana,4º Primaria,El Verbo - Tiempos Verbales,Cambiar tiempo,PROCEDIMIENTO,LEN_PRI4_C1.1,PROPRIETARY,"Santillana",0.81,PROCEDIMIENTO,LEN_PRI4_C1.1,PROPRIETARY,false,""
santillana-4-primaria-LENGUA_29,"¿Es masculino o femenino ""la casa""?",Lengua Castellana,4º Primaria,Sustantivos y Adjetivos,Género,PROCEDIMIENTO,LEN_PRI4_C1.1,PROPRIETARY,"Santillana",0.81,PROCEDIMIENTO,LEN_PRI4_C1.1,PROPRIETARY,false,""
santillana-4-primaria-LENGUA_30,"¿Es singular o plural ""los niños""?",Lengua Castellana,4º Primaria,Sustantivos y Adjetivos,Número,PROCEDIMIENTO,LEN_PRI4_C1.1,PROPRIETARY,"Santillana",0.81,PROCEDIMIENTO,LEN_PRI4_C1.1,PROPRIETARY,false,""
santillana-4-primaria-LENGUA_32,"¿""Madrid"" es sustantivo común o propio?",Lengua Castellana,4º Primaria,Sustantivos y Adjetivos,Tipos de sustantivo,PROCEDIMIENTO,LEN_PRI4_C1.1,PROPRIETARY,"Santillana",0.81,PROCEDIMIENTO,LEN_PRI4_C1.1,PROPRIETARY,false,""
santillana-4-primaria-LENGUA_33,"Añade un adjetivo: ""El gato ____""",Lengua Castellana,4º Primaria,Sustantivos y Adjetivos,Añadir adjetivo,PROCEDIMIENTO,LEN_PRI4_C1.1,PROPRIETARY,"Santillana",0.81,PROCEDIMIENTO,LEN_PRI4_C1.1,PROPRIETARY,false,""
santillana-4-primaria-LENGUA_45,"Separa sujeto y predicado: ""El gato duerme en el sofá""",Lengua Castellana,4º Primaria,La Oración Simple,Separar,PROCEDIMIENTO,LEN_PRI4_C1.1,PROPRIETARY,"Santillana",0.81,PROCEDIMIENTO,LEN_PRI4_C1.1,PROPRIETARY,false,""
santillana-4-primaria-LENGUA_46,"Crea una oración con: perro - ladra",Lengua Castellana,4º Primaria,La Oración Simple,Crear oración,PROCEDIMIENTO,LEN_PRI4_C1.1,PROPRIETARY,"Santillana",0.81,PROCEDIMIENTO,LEN_PRI4_C1.1,PROPRIETARY,false,""
santillana-4-primaria-LENGUA_47,"¿Qué tipo de oración es ""¿Cómo te llamas?""?",Lengua Castellana,4º Primaria,La Oración Simple,Tipos,PROCEDIMIENTO,LEN_PRI4_C1.1,PROPRIETARY,"Santillana",0.81,PROCEDIMIENTO,LEN_PRI4_C1.1,PROPRIETARY,false,""
santillana-4-primaria-LENGUA_48,"Inventa una oración con sujeto y predicado sobre el cole",Lengua Castellana,4º Primaria,La Oración Simple,Desafío,PROCEDIMIENTO,LEN_PRI4_C1.1,PROPRIETARY,"Santillana",0.81,PROCEDIMIENTO,LEN_PRI4_C1.1,PROPRIETARY,false,""
santillana-4-primaria-LENGUA_53,"Una receta de cocina es un texto...",Lengua Castellana,4º Primaria,Tipos de Texto,Identificar 1,PROCEDIMIENTO,LEN_PRI4_C2.2,PROPRIETARY,"Santillana",0.81,PROCEDIMIENTO,LEN_PRI4_C2.2,PROPRIETARY,false,""
santillana-4-primaria-LENGUA_54,"Un cuento es un texto...",Lengua Castellana,4º Primaria,Tipos de Texto,Identificar 2,PROCEDIMIENTO,LEN_PRI4_C2.2,PROPRIETARY,"Santillana",0.81,PROCEDIMIENTO,LEN_PRI4_C2.2,PROPRIETARY,false,""
santillana-4-primaria-LENGUA_55,"Una noticia del periódico es un texto...",Lengua Castellana,4º Primaria,Tipos de Texto,Identificar 3,PROCEDIMIENTO,LEN_PRI4_C2.2,PROPRIETARY,"Santillana",0.81,PROCEDIMIENTO,LEN_PRI4_C2.2,PROPRIETARY,false,""
santillana-4-primaria-LENGUA_56,"¿Cuáles son las partes de un cuento?",Lengua Castellana,4º Primaria,Tipos de Texto,Partes narrativo,PROCEDIMIENTO,LEN_PRI4_C2.2,PROPRIETARY,"Santillana",0.81,PROCEDIMIENTO,LEN_PRI4_C2.2,PROPRIETARY,false,""
santillana-4-primaria-LENGUA_57,"¿Los textos instructivos usan verbos en imperativo (haz, mezcla, corta)?",Lengua Castellana,4º Primaria,Tipos de Texto,Características,PROCEDIMIENTO,LEN_PRI4_C2.2,PROPRIETARY,"Santillana",0.81,PROCEDIMIENTO,LEN_PRI4_C2.2,PROPRIETARY,false,""
santillana-4-primaria-LENGUA_58,"Da un ejemplo de texto descriptivo",Lengua Castellana,4º Primaria,Tipos de Texto,Ejemplo,PROCEDIMIENTO,LEN_PRI4_C2.2,PROPRIETARY,"Santillana",0.81,PROCEDIMIENTO,LEN_PRI4_C2.2,PROPRIETARY,false,""
santillana-4-primaria-LENGUA_60,"¿Qué tipo de texto es una carta a un amigo?",Lengua Castellana,4º Primaria,Tipos de Texto,Desafío,PROCEDIMIENTO,LEN_PRI4_C2.2,PROPRIETARY,"Santillana",0.81,PROCEDIMIENTO,LEN_PRI4_C2.2,PROPRIETARY,false,""
santillana-4-primaria-MATES_3,"¿Es cierto que 8 × 6 = 6 × 8?",Matemáticas,4º Primaria,Matemáticas,Verdadero/Falso,PROCEDIMIENTO,MAT_PRI4_C1.1,PROPRIETARY,"Santillana",0.81,PROCEDIMIENTO,MAT_PRI4_C1.1,PROPRIETARY,false,""
santillana-4-primaria-MATES_5,"Tienes 3 cajas con 5 lápices cada una. ¿Es lo mismo que 5 cajas con 3 lápices?",Matemáticas,4º Primaria,Matemáticas,Ejemplo real,PROCEDIMIENTO,MAT_PRI4_C1.1,PROPRIETARY,"Santillana",0.81,PROCEDIMIENTO,MAT_PRI4_C1.1,PROPRIETARY,false,""
santillana-4-primaria-MATES_6,"¿Cuál usa la propiedad conmutativa: ""7 × 2 = 14"" o ""7 × 2 = 2 × 7""?",Matemáticas,4º Primaria,Matemáticas,Identificar,PROCEDIMIENTO,MAT_PRI4_C1.1,PROPRIETARY,"Santillana",0.81,PROCEDIMIENTO,MAT_PRI4_C1.1,PROPRIETARY,false,""
santillana-4-primaria-MATES_18,"Una clase tiene 5 filas de 2 mesas. Cada mesa tiene 4 sillas. ¿Cuántas sillas hay?",Matemáticas,4º Primaria,Propiedad Asociativa,Ejemplo real,PROCEDIMIENTO,MAT_PRI4_C1.1,PROPRIETARY,"Santillana",0.81,PROCEDIMIENTO,MAT_PRI4_C1.1,PROPRIETARY,false,""
santillana-4-primaria-MATES_19,"¿(6 × 2) × 5 = 6 × (2 × 5)?",Matemáticas,4º Primaria,Propiedad Asociativa,Verdadero/Falso,PROCEDIMIENTO,MAT_PRI4_C1.1,PROPRIETARY,"Santillana",0.81,PROCEDIMIENTO,MAT_PRI4_C1.1,PROPRIETARY,false,""
santillana-4-primaria-MATES_26,"Aplica distributiva: 5 × (3 + 2) = ?",Matemáticas,4º Primaria,Propiedad Distributiva,Aplicar,PROCEDIMIENTO,MAT_PRI4_C1.1,PROPRIETARY,"Santillana",0.81,PROCEDIMIENTO,MAT_PRI4_C1.1,PROPRIETARY,false,""
santillana-4-primaria-MATES_31,"¿4 × (5 + 3) = (4 × 5) + (4 × 3)?",Matemáticas,4º Primaria,Propiedad Distributiva,Verdadero/Falso,PROCEDIMIENTO,MAT_PRI4_C1.1,PROPRIETARY,"Santillana",0.81,PROCEDIMIENTO,MAT_PRI4_C1.1,PROPRIETARY,false,""
santillana-4-primaria-MATES_37,"¿Cómo se lee 45.678?",Matemáticas,4º Primaria,Números de 5 y 6 cifras,Leer números,PROCEDIMIENTO,MAT_PRI4_C1.1,PROPRIETARY,"Santillana",0.81,PROCEDIMIENTO,MAT_PRI4_C1.1,PROPRIETARY,false,""
santillana-4-primaria-MATES_39,"En el número 56.234, ¿qué valor tiene el 6?",Matemáticas,4º Primaria,Números de 5 y 6 cifras,Valor posicional,PROCEDIMIENTO,MAT_PRI4_C1.1,PROPRIETARY,"Santillana",0.81,PROCEDIMIENTO,MAT_PRI4_C1.1,PROPRIETARY,false,""
santillana-4-primaria-MATES_40,"Descompone 87.456",Matemáticas,4º Primaria,Números de 5 y 6 cifras,Descomponer,PROCEDIMIENTO,MAT_PRI4_C1.1,PROPRIETARY,"Santillana",0.81,PROCEDIMIENTO,MAT_PRI4_C1.1,PROPRIETARY,false,""
santillana-4-primaria-MATES_41,"¿Qué número es: 90.000 + 3.000 + 200 + 10 + 5?",Matemáticas,4º Primaria,Números de 5 y 6 cifras,Componer,PROCEDIMIENTO,MAT_PRI4_C1.1,PROPRIETARY,"Santillana",0.81,PROCEDIMIENTO,MAT_PRI4_C1.1,PROPRIETARY,false,""
santillana-4-primaria-MATES_43,"Ordena de menor a mayor: 12.345, 21.543, 12.354",Matemáticas,4º Primaria,Números de 5 y 6 cifras,Ordenar,PROCEDIMIENTO,MAT_PRI4_C1.1,PROPRIETARY,"Santillana",0.81,PROCEDIMIENTO,MAT_PRI4_C1.1,PROPRIETARY,false,""
santillana-4-primaria-MATES_44,"¿Qué número va antes de 30.000?",Matemáticas,4º Primaria,Números de 5 y 6 cifras,Anterior/Posterior,PROCEDIMIENTO,MAT_PRI4_C1.1,PROPRIETARY,"Santillana",0.81,PROCEDIMIENTO,MAT_PRI4_C1.1,PROPRIETARY,false,""
santillana-4-primaria-MATES_47,"¿Cómo se lee 234.567?",Matemáticas,4º Primaria,Números de 5 y 6 cifras,6 cifras,PROCEDIMIENTO,MAT_PRI4_C1.1,PROPRIETARY,"Santillana",0.81,PROCEDIMIENTO,MAT_PRI4_C1.1,PROPRIETARY,false,""
santillana-4-primaria-MATES_48,"¿Qué número es mayor: 234.567 o 243.567?",Matemáticas,4º Primaria,Números de 5 y 6 cifras,Mayor de 6 cifras,PROCEDIMIENTO,MAT_PRI4_C1.1,PROPRIETARY,"Santillana",0.81,PROCEDIMIENTO,MAT_PRI4_C1.1,PROPRIETARY,false,""
santillana-4-primaria-MATES_49,"¿Cómo se lee 2,5?",Matemáticas,4º Primaria,Números Decimales,Leer decimales,PROCEDIMIENTO,MAT_PRI4_C1.3,PROPRIETARY,"Santillana",0.81,PROCEDIMIENTO,MAT_PRI4_C1.3,PROPRIETARY,false,""
santillana-4-primaria-MATES_51,"¿Cómo se lee 4,25?",Matemáticas,4º Primaria,Números Decimales,Centésimas,PROCEDIMIENTO,MAT_PRI4_C1.3,PROPRIETARY,"Santillana",0.81,PROCEDIMIENTO,MAT_PRI4_C1.3,PROPRIETARY,false,""
santillana-4-primaria-MATES_52,"En 5,38, ¿qué valor tiene el 3?",Matemáticas,4º Primaria,Números Decimales,Valor posicional,PROCEDIMIENTO,MAT_PRI4_C1.3,PROPRIETARY,"Santillana",0.81,PROCEDIMIENTO,MAT_PRI4_C1.3,PROPRIETARY,false,""
santillana-4-primaria-MATES_54,"Ordena de menor a mayor: 2,8 - 2,5 - 2,9",Matemáticas,4º Primaria,Números Decimales,Ordenar,PROCEDIMIENTO,MAT_PRI4_C1.3,PROPRIETARY,"Santillana",0.81,PROCEDIMIENTO,MAT_PRI4_C1.3,PROPRIETARY,false,""
santillana-4-primaria-MATES_59,"¿Cuántas décimas hay en 3,4?",Matemáticas,4º Primaria,Números Decimales,Equivalencias,PROCEDIMIENTO,MAT_PRI4_C1.3,PROPRIETARY,"Santillana",0.81,PROCEDIMIENTO,MAT_PRI4_C1.3,PROPRIETARY,false,""
santillana-4-primaria-MATES_60,"Redondea 4,68 a las décimas",Matemáticas,4º Primaria,Números Decimales,Redondeo,PROCEDIMIENTO,MAT_PRI4_C1.3,PROPRIETARY,"Santillana",0.81,PROCEDIMIENTO,MAT_PRI4_C1.3,PROPRIETARY,false,""
santillana-4-primaria-MATES_71,"Ordena de menor a mayor: km, m, cm, mm",Matemáticas,4º Primaria,Medidas de Longitud,Orden de unidades,PROCEDIMIENTO,MAT_PRI4_C2.2,PROPRIETARY,"Santillana",0.81,PROCEDIMIENTO,MAT_PRI4_C2.2,PROPRIETARY,false,""
santillana-4-primaria-MATES_74,"¿Cuántas horas son 120 minutos?",Matemáticas,4º Primaria,Medidas de Tiempo,Conversión,PROCEDIMIENTO,MAT_PRI4_C2.3,PROPRIETARY,"Santillana",0.81,PROCEDIMIENTO,MAT_PRI4_C2.3,PROPRIETARY,false,""
santillana-4-primaria-MATES_76,"Una película dura 1 hora y 30 minutos. Si empieza a las 5:00, ¿a qué hora termina?",Matemáticas,4º Primaria,Medidas de Tiempo,Sumar tiempo,PROCEDIMIENTO,MAT_PRI4_C2.3,PROPRIETARY,"Santillana",0.81,PROCEDIMIENTO,MAT_PRI4_C2.3,PROPRIETARY,false,""
santillana-4-primaria-MATES_77,"Llegas al cole a las 9:00. Si tardaste 25 minutos, ¿a qué hora saliste de casa?",Matemáticas,4º Primaria,Medidas de Tiempo,Restar tiempo,PROCEDIMIENTO,MAT_PRI4_C2.3,PROPRIETARY,"Santillana",0.81,PROCEDIMIENTO,MAT_PRI4_C2.3,PROPRIETARY,false,""
santillana-4-primaria-MATES_78,"¿Cuántas horas tiene 1 día?",Matemáticas,4º Primaria,Medidas de Tiempo,Días,PROCEDIMIENTO,MAT_PRI4_C2.3,PROPRIETARY,"Santillana",0.81,PROCEDIMIENTO,MAT_PRI4_C2.3,PROPRIETARY,false,""
santillana-4-primaria-MATES_86,"¿Cómo se llama el punto donde se juntan dos rectas de un ángulo?",Matemáticas,4º Primaria,Ángulos,Partes del ángulo,PROCEDIMIENTO,MAT_PRI4_C2.1,PROPRIETARY,"Santillana",0.81,PROCEDIMIENTO,MAT_PRI4_C2.1,PROPRIETARY,false,""
santillana-4-primaria-MATES_88,"¿Qué ángulo forman las esquinas de un cuaderno?",Matemáticas,4º Primaria,Ángulos,Identificar recto,PROCEDIMIENTO,MAT_PRI4_C2.1,PROPRIETARY,"Santillana",0.81,PROCEDIMIENTO,MAT_PRI4_C2.1,PROPRIETARY,false,""
santillana-4-primaria-MATES_89,"¿Cómo es un ángulo agudo?",Matemáticas,4º Primaria,Ángulos,Ángulo agudo,PROCEDIMIENTO,MAT_PRI4_C2.1,PROPRIETARY,"Santillana",0.81,PROCEDIMIENTO,MAT_PRI4_C2.1,PROPRIETARY,false,""
santillana-4-primaria-MATES_90,"¿Cómo es un ángulo obtuso?",Matemáticas,4º Primaria,Ángulos,Ángulo obtuso,PROCEDIMIENTO,MAT_PRI4_C2.1,PROPRIETARY,"Santillana",0.81,PROCEDIMIENTO,MAT_PRI4_C2.1,PROPRIETARY,false,""
santillana-4-primaria-MATES_91,"Un ángulo mide 45°. ¿Es agudo, recto u obtuso?",Matemáticas,4º Primaria,Ángulos,Clasificar,PROCEDIMIENTO,MAT_PRI4_C2.1,PROPRIETARY,"Santillana",0.81,PROCEDIMIENTO,MAT_PRI4_C2.1,PROPRIETARY,false,""
santillana-4-primaria-MATES_92,"Un ángulo mide 120°. ¿Es agudo, recto u obtuso?",Matemáticas,4º Primaria,Ángulos,Clasificar 2,PROCEDIMIENTO,MAT_PRI4_C2.1,PROPRIETARY,"Santillana",0.81,PROCEDIMIENTO,MAT_PRI4_C2.1,PROPRIETARY,false,""
santillana-4-primaria-MATES_95,"¿Qué tipo de ángulo forman las manecillas del reloj a las 3:00?",Matemáticas,4º Primaria,Ángulos,Ejemplo real,PROCEDIMIENTO,MAT_PRI4_C2.1,PROPRIETARY,"Santillana",0.81,PROCEDIMIENTO,MAT_PRI4_C2.1,PROPRIETARY,false,""
santillana-4-primaria-NATURALES_1,"¿Cuáles son las partes de una planta?",Ciencias Naturales,4º Primaria,Ciencias de la Naturaleza,Partes,PROCEDIMIENTO,NAT_PRI4_C1.1,PROPRIETARY,"Santillana",0.81,PROCEDIMIENTO,NAT_PRI4_C1.1,PROPRIETARY,false,""
santillana-4-primaria-NATURALES_2,"¿Para qué sirve la raíz?",Ciencias Naturales,4º Primaria,Ciencias de la Naturaleza,Función raíz,PROCEDIMIENTO,NAT_PRI4_C1.1,PROPRIETARY,"Santillana",0.81,PROCEDIMIENTO,NAT_PRI4_C1.1,PROPRIETARY,false,""
santillana-4-primaria-NATURALES_3,"¿Para qué sirve el tallo?",Ciencias Naturales,4º Primaria,Ciencias de la Naturaleza,Función tallo,PROCEDIMIENTO,NAT_PRI4_C1.1,PROPRIETARY,"Santillana",0.81,PROCEDIMIENTO,NAT_PRI4_C1.1,PROPRIETARY,false,""
santillana-4-primaria-NATURALES_4,"¿Para qué sirven las hojas?",Ciencias Naturales,4º Primaria,Ciencias de la Naturaleza,Función hojas,PROCEDIMIENTO,NAT_PRI4_C1.1,PROPRIETARY,"Santillana",0.81,PROCEDIMIENTO,NAT_PRI4_C1.1,PROPRIETARY,false,""
santillana-4-primaria-NATURALES_5,"¿Qué necesitan las plantas para hacer la fotosíntesis?",Ciencias Naturales,4º Primaria,Ciencias de la Naturaleza,Fotosíntesis,PROCEDIMIENTO,NAT_PRI4_C1.1,PROPRIETARY,"Santillana",0.81,PROCEDIMIENTO,NAT_PRI4_C1.1,PROPRIETARY,false,""
santillana-4-primaria-NATURALES_6,"¿Para qué sirven las flores?",Ciencias Naturales,4º Primaria,Ciencias de la Naturaleza,Flores,PROCEDIMIENTO,NAT_PRI4_C1.1,PROPRIETARY,"Santillana",0.81,PROCEDIMIENTO,NAT_PRI4_C1.1,PROPRIETARY,false,""
santillana-4-primaria-NATURALES_7,"¿Cómo se llaman las plantas con flores?",Ciencias Naturales,4º Primaria,Ciencias de la Naturaleza,Tipos,PROCEDIMIENTO,NAT_PRI4_C1.1,PROPRIETARY,"Santillana",0.81,PROCEDIMIENTO,NAT_PRI4_C1.1,PROPRIETARY,false,""
santillana-4-primaria-NATURALES_8,"Di un ejemplo de planta sin flores",Ciencias Naturales,4º Primaria,Ciencias de la Naturaleza,Sin flores,PROCEDIMIENTO,NAT_PRI4_C1.1,PROPRIETARY,"Santillana",0.81,PROCEDIMIENTO,NAT_PRI4_C1.1,PROPRIETARY,false,""
santillana-4-primaria-NATURALES_9,"¿Qué diferencia hay entre un árbol y un arbusto?",Ciencias Naturales,4º Primaria,Ciencias de la Naturaleza,Árboles,PROCEDIMIENTO,NAT_PRI4_C1.1,PROPRIETARY,"Santillana",0.81,PROCEDIMIENTO,NAT_PRI4_C1.1,PROPRIETARY,false,""
santillana-4-primaria-NATURALES_10,"¿Qué son los árboles de hoja caduca?",Ciencias Naturales,4º Primaria,Ciencias de la Naturaleza,Hoja caduca,PROCEDIMIENTO,NAT_PRI4_C1.1,PROPRIETARY,"Santillana",0.81,PROCEDIMIENTO,NAT_PRI4_C1.1,PROPRIETARY,false,""
santillana-4-primaria-NATURALES_11,"¿Qué son los árboles de hoja perenne?",Ciencias Naturales,4º Primaria,Ciencias de la Naturaleza,Hoja perenne,PROCEDIMIENTO,NAT_PRI4_C1.1,PROPRIETARY,"Santillana",0.81,PROCEDIMIENTO,NAT_PRI4_C1.1,PROPRIETARY,false,""
santillana-4-primaria-NATURALES_14,"¿Cuáles son los 5 grupos de vertebrados?",Ciencias Naturales,4º Primaria,Los Animales Vertebrados,Grupos,PROCEDIMIENTO,NAT_PRI4_C1.1,PROPRIETARY,"Santillana",0.81,PROCEDIMIENTO,NAT_PRI4_C1.1,PROPRIETARY,false,""
santillana-4-primaria-NATURALES_15,"¿Qué características tienen los mamíferos?",Ciencias Naturales,4º Primaria,Los Animales Vertebrados,Mamíferos,PROCEDIMIENTO,NAT_PRI4_C1.1,PROPRIETARY,"Santillana",0.81,PROCEDIMIENTO,NAT_PRI4_C1.1,PROPRIETARY,false,""
santillana-4-primaria-NATURALES_16,"¿Qué características tienen las aves?",Ciencias Naturales,4º Primaria,Los Animales Vertebrados,Aves,PROCEDIMIENTO,NAT_PRI4_C1.1,PROPRIETARY,"Santillana",0.81,PROCEDIMIENTO,NAT_PRI4_C1.1,PROPRIETARY,false,""
santillana-4-primaria-NATURALES_17,"¿Qué características tienen los peces?",Ciencias Naturales,4º Primaria,Los Animales Vertebrados,Peces,PROCEDIMIENTO,NAT_PRI4_C1.1,PROPRIETARY,"Santillana",0.81,PROCEDIMIENTO,NAT_PRI4_C1.1,PROPRIETARY,false,""
santillana-4-primaria-NATURALES_18,"¿Qué características tienen los reptiles?",Ciencias Naturales,4º Primaria,Los Animales Vertebrados,Reptiles,PROCEDIMIENTO,NAT_PRI4_C1.1,PROPRIETARY,"Santillana",0.81,PROCEDIMIENTO,NAT_PRI4_C1.1,PROPRIETARY,false,""
santillana-4-primaria-NATURALES_19,"¿Qué características tienen los anfibios?",Ciencias Naturales,4º Primaria,Los Animales Vertebrados,Anfibios,PROCEDIMIENTO,NAT_PRI4_C1.1,PROPRIETARY,"Santillana",0.81,PROCEDIMIENTO,NAT_PRI4_C1.1,PROPRIETARY,false,""
santillana-4-primaria-NATURALES_20,"¿A qué grupo pertenece el perro?",Ciencias Naturales,4º Primaria,Los Animales Vertebrados,Clasificar,PROCEDIMIENTO,NAT_PRI4_C1.1,PROPRIETARY,"Santillana",0.81,PROCEDIMIENTO,NAT_PRI4_C1.1,PROPRIETARY,false,""
santillana-4-primaria-NATURALES_21,"¿A qué grupo pertenece el águila?",Ciencias Naturales,4º Primaria,Los Animales Vertebrados,Clasificar 2,PROCEDIMIENTO,NAT_PRI4_C1.1,PROPRIETARY,"Santillana",0.81,PROCEDIMIENTO,NAT_PRI4_C1.1,PROPRIETARY,false,""
santillana-4-primaria-NATURALES_24,"¿Por qué el delfín es mamífero y no pez?",Ciencias Naturales,4º Primaria,Los Animales Vertebrados,Desafío,PROCEDIMIENTO,NAT_PRI4_C1.1,PROPRIETARY,"Santillana",0.81,PROCEDIMIENTO,NAT_PRI4_C1.1,PROPRIETARY,false,""
santillana-4-primaria-NATURALES_26,"Di 3 ejemplos de invertebrados",Ciencias Naturales,4º Primaria,Los Animales Invertebrados,Ejemplos,PROCEDIMIENTO,NAT_PRI4_C1.1,PROPRIETARY,"Santillana",0.81,PROCEDIMIENTO,NAT_PRI4_C1.1,PROPRIETARY,false,""
santillana-4-primaria-NATURALES_27,"¿Cuántas patas tienen los insectos?",Ciencias Naturales,4º Primaria,Los Animales Invertebrados,Insectos,PROCEDIMIENTO,NAT_PRI4_C1.1,PROPRIETARY,"Santillana",0.81,PROCEDIMIENTO,NAT_PRI4_C1.1,PROPRIETARY,false,""
santillana-4-primaria-NATURALES_28,"¿Cuántas patas tienen las arañas?",Ciencias Naturales,4º Primaria,Los Animales Invertebrados,Arácnidos,PROCEDIMIENTO,NAT_PRI4_C1.1,PROPRIETARY,"Santillana",0.81,PROCEDIMIENTO,NAT_PRI4_C1.1,PROPRIETARY,false,""
santillana-4-primaria-NATURALES_29,"¿Cuáles son las 3 partes del cuerpo de un insecto?",Ciencias Naturales,4º Primaria,Los Animales Invertebrados,Partes insecto,PROCEDIMIENTO,NAT_PRI4_C1.1,PROPRIETARY,"Santillana",0.81,PROCEDIMIENTO,NAT_PRI4_C1.1,PROPRIETARY,false,""
santillana-4-primaria-NATURALES_30,"¿Cómo se transforma una oruga?",Ciencias Naturales,4º Primaria,Los Animales Invertebrados,Metamorfosis,PROCEDIMIENTO,NAT_PRI4_C1.1,PROPRIETARY,"Santillana",0.81,PROCEDIMIENTO,NAT_PRI4_C1.1,PROPRIETARY,false,""
santillana-4-primaria-NATURALES_31,"¿Qué son los moluscos?",Ciencias Naturales,4º Primaria,Los Animales Invertebrados,Moluscos,PROCEDIMIENTO,NAT_PRI4_C1.1,PROPRIETARY,"Santillana",0.81,PROCEDIMIENTO,NAT_PRI4_C1.1,PROPRIETARY,false,""
santillana-4-primaria-NATURALES_32,"¿Los gusanos son vertebrados o invertebrados?",Ciencias Naturales,4º Primaria,Los Animales Invertebrados,Gusanos,PROCEDIMIENTO,NAT_PRI4_C1.1,PROPRIETARY,"Santillana",0.81,PROCEDIMIENTO,NAT_PRI4_C1.1,PROPRIETARY,false,""
santillana-4-primaria-NATURALES_33,"¿Qué son las medusas?",Ciencias Naturales,4º Primaria,Los Animales Invertebrados,Medusas,PROCEDIMIENTO,NAT_PRI4_C1.1,PROPRIETARY,"Santillana",0.81,PROCEDIMIENTO,NAT_PRI4_C1.1,PROPRIETARY,false,""
santillana-4-primaria-NATURALES_35,"¿Las esponjas son animales o plantas?",Ciencias Naturales,4º Primaria,Los Animales Invertebrados,Esponja,PROCEDIMIENTO,NAT_PRI4_C1.1,PROPRIETARY,"Santillana",0.81,PROCEDIMIENTO,NAT_PRI4_C1.1,PROPRIETARY,false,""
santillana-4-primaria-NATURALES_38,"¿Qué tiene un ecosistema?",Ciencias Naturales,4º Primaria,Los Ecosistemas,Componentes,PROCEDIMIENTO,NAT_PRI4_C1.3,PROPRIETARY,"Santillana",0.81,PROCEDIMIENTO,NAT_PRI4_C1.3,PROPRIETARY,false,""
santillana-4-primaria-NATURALES_39,"Di 2 tipos de ecosistemas",Ciencias Naturales,4º Primaria,Los Ecosistemas,Tipos,PROCEDIMIENTO,NAT_PRI4_C1.3,PROPRIETARY,"Santillana",0.81,PROCEDIMIENTO,NAT_PRI4_C1.3,PROPRIETARY,false,""
santillana-4-primaria-NATURALES_41,"¿Qué son los productores?",Ciencias Naturales,4º Primaria,Los Ecosistemas,Productores,PROCEDIMIENTO,NAT_PRI4_C1.3,PROPRIETARY,"Santillana",0.81,PROCEDIMIENTO,NAT_PRI4_C1.3,PROPRIETARY,false,""
santillana-4-primaria-NATURALES_42,"¿Qué son los consumidores?",Ciencias Naturales,4º Primaria,Los Ecosistemas,Consumidores,PROCEDIMIENTO,NAT_PRI4_C1.3,PROPRIETARY,"Santillana",0.81,PROCEDIMIENTO,NAT_PRI4_C1.3,PROPRIETARY,false,""
santillana-4-primaria-NATURALES_43,"¿Qué comen los herbívoros?",Ciencias Naturales,4º Primaria,Los Ecosistemas,Herbívoros,PROCEDIMIENTO,NAT_PRI4_C1.3,PROPRIETARY,"Santillana",0.81,PROCEDIMIENTO,NAT_PRI4_C1.3,PROPRIETARY,false,""
santillana-4-primaria-NATURALES_44,"¿Qué comen los carnívoros?",Ciencias Naturales,4º Primaria,Los Ecosistemas,Carnívoros,PROCEDIMIENTO,NAT_PRI4_C1.3,PROPRIETARY,"Santillana",0.81,PROCEDIMIENTO,NAT_PRI4_C1.3,PROPRIETARY,false,""
santillana-4-primaria-NATURALES_45,"¿Qué comen los omnívoros?",Ciencias Naturales,4º Primaria,Los Ecosistemas,Omnívoros,PROCEDIMIENTO,NAT_PRI4_C1.3,PROPRIETARY,"Santillana",0.81,PROCEDIMIENTO,NAT_PRI4_C1.3,PROPRIETARY,false,""
santillana-4-primaria-NATURALES_46,"Ordena esta cadena: zorro, hierba, conejo",Ciencias Naturales,4º Primaria,Los Ecosistemas,Ejemplo cadena,PROCEDIMIENTO,NAT_PRI4_C1.3,PROPRIETARY,"Santillana",0.81,PROCEDIMIENTO,NAT_PRI4_C1.3,PROPRIETARY,false,""
santillana-4-primaria-NATURALES_47,"¿Qué pasa si desaparecen todas las plantas de un ecosistema?",Ciencias Naturales,4º Primaria,Los Ecosistemas,Equilibrio,PROCEDIMIENTO,NAT_PRI4_C1.3,PROPRIETARY,"Santillana",0.81,PROCEDIMIENTO,NAT_PRI4_C1.3,PROPRIETARY,false,""
santillana-4-primaria-NATURALES_48,"¿Los humanos somos herbívoros, carnívoros u omnívoros?",Ciencias Naturales,4º Primaria,Los Ecosistemas,Desafío,PROCEDIMIENTO,NAT_PRI4_C1.3,PROPRIETARY,"Santillana",0.81,PROCEDIMIENTO,NAT_PRI4_C1.3,PROPRIETARY,false,""
santillana-4-primaria-NATURALES_50,"Di 3 fuentes de energía",Ciencias Naturales,4º Primaria,La Energía,Fuentes,PROCEDIMIENTO,NAT_PRI4_C2.2,PROPRIETARY,"Santillana",0.81,PROCEDIMIENTO,NAT_PRI4_C2.2,PROPRIETARY,false,""
santillana-4-primaria-NATURALES_51,"¿Qué son las energías renovables?",Ciencias Naturales,4º Primaria,La Energía,Renovable,PROCEDIMIENTO,NAT_PRI4_C2.2,PROPRIETARY,"Santillana",0.81,PROCEDIMIENTO,NAT_PRI4_C2.2,PROPRIETARY,false,""
santillana-4-primaria-NATURALES_52,"¿Qué son las energías no renovables?",Ciencias Naturales,4º Primaria,La Energía,No renovable,PROCEDIMIENTO,NAT_PRI4_C2.2,PROPRIETARY,"Santillana",0.81,PROCEDIMIENTO,NAT_PRI4_C2.2,PROPRIETARY,false,""
santillana-4-primaria-NATURALES_53,"¿De dónde viene la energía solar?",Ciencias Naturales,4º Primaria,La Energía,Solar,PROCEDIMIENTO,NAT_PRI4_C2.2,PROPRIETARY,"Santillana",0.81,PROCEDIMIENTO,NAT_PRI4_C2.2,PROPRIETARY,false,""
santillana-4-primaria-NATURALES_54,"¿De dónde viene la energía eólica?",Ciencias Naturales,4º Primaria,La Energía,Eólica,PROCEDIMIENTO,NAT_PRI4_C2.2,PROPRIETARY,"Santillana",0.81,PROCEDIMIENTO,NAT_PRI4_C2.2,PROPRIETARY,false,""
santillana-4-primaria-NATURALES_55,"¿De dónde viene la energía hidráulica?",Ciencias Naturales,4º Primaria,La Energía,Hidráulica,PROCEDIMIENTO,NAT_PRI4_C2.2,PROPRIETARY,"Santillana",0.81,PROCEDIMIENTO,NAT_PRI4_C2.2,PROPRIETARY,false,""
santillana-4-primaria-NATURALES_56,"¿Para qué usamos la electricidad en casa?",Ciencias Naturales,4º Primaria,La Energía,Electricidad,PROCEDIMIENTO,NAT_PRI4_C2.2,PROPRIETARY,"Santillana",0.81,PROCEDIMIENTO,NAT_PRI4_C2.2,PROPRIETARY,false,""
santillana-4-primaria-NATURALES_57,"Di una forma de ahorrar energía",Ciencias Naturales,4º Primaria,La Energía,Ahorro,PROCEDIMIENTO,NAT_PRI4_C2.2,PROPRIETARY,"Santillana",0.81,PROCEDIMIENTO,NAT_PRI4_C2.2,PROPRIETARY,false,""
santillana-4-primaria-NATURALES_58,"¿La energía se crea o se transforma?",Ciencias Naturales,4º Primaria,La Energía,Transformación,PROCEDIMIENTO,NAT_PRI4_C2.2,PROPRIETARY,"Santillana",0.81,PROCEDIMIENTO,NAT_PRI4_C2.2,PROPRIETARY,false,""
santillana-4-primaria-NATURALES_59,"¿Qué forma de energía produce una estufa?",Ciencias Naturales,4º Primaria,La Energía,Calor,PROCEDIMIENTO,NAT_PRI4_C2.2,PROPRIETARY,"Santillana",0.81,PROCEDIMIENTO,NAT_PRI4_C2.2,PROPRIETARY,false,""
santillana-4-primaria-NATURALES_62,"Di 3 ejemplos de máquinas simples",Ciencias Naturales,4º Primaria,Las Máquinas,Simples,PROCEDIMIENTO,NAT_PRI4_C2.3,PROPRIETARY,"Santillana",0.81,PROCEDIMIENTO,NAT_PRI4_C2.3,PROPRIETARY,false,""
santillana-4-primaria-NATURALES_65,"¿Para qué sirve la rueda?",Ciencias Naturales,4º Primaria,Las Máquinas,Rueda,PROCEDIMIENTO,NAT_PRI4_C2.3,PROPRIETARY,"Santillana",0.81,PROCEDIMIENTO,NAT_PRI4_C2.3,PROPRIETARY,false,""
santillana-4-primaria-NATURALES_66,"¿Para qué sirve una polea?",Ciencias Naturales,4º Primaria,Las Máquinas,Polea,PROCEDIMIENTO,NAT_PRI4_C2.3,PROPRIETARY,"Santillana",0.81,PROCEDIMIENTO,NAT_PRI4_C2.3,PROPRIETARY,false,""
santillana-4-primaria-NATURALES_68,"¿La bicicleta es una máquina simple o compleja?",Ciencias Naturales,4º Primaria,Las Máquinas,Identificar,PROCEDIMIENTO,NAT_PRI4_C2.3,PROPRIETARY,"Santillana",0.81,PROCEDIMIENTO,NAT_PRI4_C2.3,PROPRIETARY,false,""
santillana-4-primaria-NATURALES_69,"¿Para qué usamos las máquinas?",Ciencias Naturales,4º Primaria,Las Máquinas,Ventaja,PROCEDIMIENTO,NAT_PRI4_C2.3,PROPRIETARY,"Santillana",0.81,PROCEDIMIENTO,NAT_PRI4_C2.3,PROPRIETARY,false,""
santillana-4-primaria-NATURALES_70,"¿Las máquinas necesitan energía para funcionar?",Ciencias Naturales,4º Primaria,Las Máquinas,Energía,PROCEDIMIENTO,NAT_PRI4_C2.3,PROPRIETARY,"Santillana",0.81,PROCEDIMIENTO,NAT_PRI4_C2.3,PROPRIETARY,false,""
santillana-4-primaria-NATURALES_71,"¿Qué tipo de máquina es un abreluatas?",Ciencias Naturales,4º Primaria,Las Máquinas,Ejemplo,PROCEDIMIENTO,NAT_PRI4_C2.3,PROPRIETARY,"Santillana",0.81,PROCEDIMIENTO,NAT_PRI4_C2.3,PROPRIETARY,false,""
santillana-4-primaria-NATURALES_72,"Di 3 máquinas que uses en casa",Ciencias Naturales,4º Primaria,Las Máquinas,Desafío,PROCEDIMIENTO,NAT_PRI4_C2.3,PROPRIETARY,"Santillana",0.81,PROCEDIMIENTO,NAT_PRI4_C2.3,PROPRIETARY,false,""
santillana-4-primaria-SOCIALES_2,"Di 2 cordilleras de España",Ciencias Sociales,4º Primaria,Ciencias Sociales,Cordilleras,PROCEDIMIENTO,SOC_PRI4_C1.1,PROPRIETARY,"Santillana",0.81,PROCEDIMIENTO,SOC_PRI4_C1.1,PROPRIETARY,false,""
santillana-4-primaria-SOCIALES_4,"¿Qué mares rodean España?",Ciencias Sociales,4º Primaria,Ciencias Sociales,Costas,PROCEDIMIENTO,SOC_PRI4_C1.1,PROPRIETARY,"Santillana",0.81,PROCEDIMIENTO,SOC_PRI4_C1.1,PROPRIETARY,false,""
santillana-4-primaria-SOCIALES_5,"Di los 3 ríos más largos de España",Ciencias Sociales,4º Primaria,Ciencias Sociales,Ríos largos,PROCEDIMIENTO,SOC_PRI4_C1.1,PROPRIETARY,"Santillana",0.81,PROCEDIMIENTO,SOC_PRI4_C1.1,PROPRIETARY,false,""
santillana-4-primaria-SOCIALES_7,"¿Cuáles son los dos archipiélagos de España?",Ciencias Sociales,4º Primaria,Ciencias Sociales,Islas,PROCEDIMIENTO,SOC_PRI4_C1.1,PROPRIETARY,"Santillana",0.81,PROCEDIMIENTO,SOC_PRI4_C1.1,PROPRIETARY,false,""
santillana-4-primaria-SOCIALES_12,"¿En qué mar desemboca el río Ebro?",Ciencias Sociales,4º Primaria,Ciencias Sociales,Desafío,PROCEDIMIENTO,SOC_PRI4_C1.1,PROPRIETARY,"Santillana",0.81,PROCEDIMIENTO,SOC_PRI4_C1.1,PROPRIETARY,false,""
santillana-4-primaria-SOCIALES_14,"¿Es lo mismo tiempo que clima?",Ciencias Sociales,4º Primaria,El Clima de España,Tiempo vs Clima,PROCEDIMIENTO,SOC_PRI4_C1.1,PROPRIETARY,"Santillana",0.81,PROCEDIMIENTO,SOC_PRI4_C1.1,PROPRIETARY,false,""
santillana-4-primaria-SOCIALES_15,"¿Qué elementos tiene el clima?",Ciencias Sociales,4º Primaria,El Clima de España,Elementos,PROCEDIMIENTO,SOC_PRI4_C1.1,PROPRIETARY,"Santillana",0.81,PROCEDIMIENTO,SOC_PRI4_C1.1,PROPRIETARY,false,""
santillana-4-primaria-SOCIALES_16,"¿Cómo es el clima mediterráneo?",Ciencias Sociales,4º Primaria,El Clima de España,Mediterráneo,PROCEDIMIENTO,SOC_PRI4_C1.1,PROPRIETARY,"Santillana",0.81,PROCEDIMIENTO,SOC_PRI4_C1.1,PROPRIETARY,false,""
santillana-4-primaria-SOCIALES_17,"¿Cómo es el clima oceánico?",Ciencias Sociales,4º Primaria,El Clima de España,Oceánico,PROCEDIMIENTO,SOC_PRI4_C1.1,PROPRIETARY,"Santillana",0.81,PROCEDIMIENTO,SOC_PRI4_C1.1,PROPRIETARY,false,""
santillana-4-primaria-SOCIALES_18,"¿Cómo es el clima continental?",Ciencias Sociales,4º Primaria,El Clima de España,Continental,PROCEDIMIENTO,SOC_PRI4_C1.1,PROPRIETARY,"Santillana",0.81,PROCEDIMIENTO,SOC_PRI4_C1.1,PROPRIETARY,false,""
santillana-4-primaria-SOCIALES_20,"¿Con qué medimos la temperatura?",Ciencias Sociales,4º Primaria,El Clima de España,Termómetro,PROCEDIMIENTO,SOC_PRI4_C1.1,PROPRIETARY,"Santillana",0.81,PROCEDIMIENTO,SOC_PRI4_C1.1,PROPRIETARY,false,""
santillana-4-primaria-SOCIALES_21,"¿Con qué medimos la lluvia?",Ciencias Sociales,4º Primaria,El Clima de España,Pluviómetro,PROCEDIMIENTO,SOC_PRI4_C1.1,PROPRIETARY,"Santillana",0.81,PROCEDIMIENTO,SOC_PRI4_C1.1,PROPRIETARY,false,""
santillana-4-primaria-SOCIALES_22,"¿Qué son las precipitaciones?",Ciencias Sociales,4º Primaria,El Clima de España,Precipitaciones,PROCEDIMIENTO,SOC_PRI4_C1.1,PROPRIETARY,"Santillana",0.81,PROCEDIMIENTO,SOC_PRI4_C1.1,PROPRIETARY,false,""
santillana-4-primaria-SOCIALES_23,"¿Cuáles son las 4 estaciones del año?",Ciencias Sociales,4º Primaria,El Clima de España,Estaciones,PROCEDIMIENTO,SOC_PRI4_C1.1,PROPRIETARY,"Santillana",0.81,PROCEDIMIENTO,SOC_PRI4_C1.1,PROPRIETARY,false,""
santillana-4-primaria-SOCIALES_34,"¿Cuándo crece la población?",Ciencias Sociales,4º Primaria,La Población de España,Crecimiento,PROCEDIMIENTO,SOC_PRI4_C1.2,PROPRIETARY,"Santillana",0.81,PROCEDIMIENTO,SOC_PRI4_C1.2,PROPRIETARY,false,""
santillana-4-primaria-SOCIALES_35,"¿Cuántas Comunidades Autónomas tiene España?",Ciencias Sociales,4º Primaria,La Población de España,CCAA,PROCEDIMIENTO,SOC_PRI4_C1.2,PROPRIETARY,"Santillana",0.81,PROCEDIMIENTO,SOC_PRI4_C1.2,PROPRIETARY,false,""
santillana-4-primaria-SOCIALES_37,"¿Cuáles son los 3 sectores económicos?",Ciencias Sociales,4º Primaria,Los Sectores Económicos,Sectores,PROCEDIMIENTO,SOC_PRI4_C3.1,PROPRIETARY,"Santillana",0.81,PROCEDIMIENTO,SOC_PRI4_C3.1,PROPRIETARY,false,""
santillana-4-primaria-SOCIALES_44,"¿Qué hace la industria?",Ciencias Sociales,4º Primaria,Los Sectores Económicos,Industria,PROCEDIMIENTO,SOC_PRI4_C3.1,PROPRIETARY,"Santillana",0.81,PROCEDIMIENTO,SOC_PRI4_C3.1,PROPRIETARY,false,""
santillana-4-primaria-SOCIALES_46,"¿Un maestro trabaja en el sector primario, secundario o terciario?",Ciencias Sociales,4º Primaria,Los Sectores Económicos,Clasificar,PROCEDIMIENTO,SOC_PRI4_C3.1,PROPRIETARY,"Santillana",0.81,PROCEDIMIENTO,SOC_PRI4_C3.1,PROPRIETARY,false,""
santillana-4-primaria-SOCIALES_47,"¿Un agricultor trabaja en el sector primario, secundario o terciario?",Ciencias Sociales,4º Primaria,Los Sectores Económicos,Clasificar 2,PROCEDIMIENTO,SOC_PRI4_C3.1,PROPRIETARY,"Santillana",0.81,PROCEDIMIENTO,SOC_PRI4_C3.1,PROPRIETARY,false,""
santillana-4-primaria-SOCIALES_48,"¿Un obrero de fábrica trabaja en el sector primario, secundario o terciario?",Ciencias Sociales,4º Primaria,Los Sectores Económicos,Clasificar 3,PROCEDIMIENTO,SOC_PRI4_C3.1,PROPRIETARY,"Santillana",0.81,PROCEDIMIENTO,SOC_PRI4_C3.1,PROPRIETARY,false,""
santillana-4-primaria-SOCIALES_51,"¿Cómo vivían en el Paleolítico?",Ciencias Sociales,4º Primaria,La Historia: Prehistoria y Edad Antigua,Paleolítico,PROCEDIMIENTO,SOC_PRI4_C2.1,PROPRIETARY,"Santillana",0.81,PROCEDIMIENTO,SOC_PRI4_C2.1,PROPRIETARY,false,""
santillana-4-primaria-SOCIALES_52,"¿Qué pasó en el Neolítico?",Ciencias Sociales,4º Primaria,La Historia: Prehistoria y Edad Antigua,Neolítico,PROCEDIMIENTO,SOC_PRI4_C2.1,PROPRIETARY,"Santillana",0.81,PROCEDIMIENTO,SOC_PRI4_C2.1,PROPRIETARY,false,""
santillana-4-primaria-SOCIALES_53,"¿Qué inventaron en la Edad de los Metales?",Ciencias Sociales,4º Primaria,La Historia: Prehistoria y Edad Antigua,Edad de Metales,PROCEDIMIENTO,SOC_PRI4_C2.1,PROPRIETARY,"Santillana",0.81,PROCEDIMIENTO,SOC_PRI4_C2.1,PROPRIETARY,false,""
santillana-4-primaria-SOCIALES_54,"¿Qué marca el inicio de la Edad Antigua?",Ciencias Sociales,4º Primaria,La Historia: Prehistoria y Edad Antigua,Escritura,PROCEDIMIENTO,SOC_PRI4_C2.1,PROPRIETARY,"Santillana",0.81,PROCEDIMIENTO,SOC_PRI4_C2.1,PROPRIETARY,false,""
santillana-4-primaria-SOCIALES_55,"¿Quiénes conquistaron la Península Ibérica en la Edad Antigua?",Ciencias Sociales,4º Primaria,La Historia: Prehistoria y Edad Antigua,Romanos,PROCEDIMIENTO,SOC_PRI4_C2.1,PROPRIETARY,"Santillana",0.81,PROCEDIMIENTO,SOC_PRI4_C2.1,PROPRIETARY,false,""
santillana-4-primaria-SOCIALES_56,"Di 2 cosas que nos dejaron los romanos",Ciencias Sociales,4º Primaria,La Historia: Prehistoria y Edad Antigua,Legado romano,PROCEDIMIENTO,SOC_PRI4_C2.1,PROPRIETARY,"Santillana",0.81,PROCEDIMIENTO,SOC_PRI4_C2.1,PROPRIETARY,false,""
santillana-4-primaria-SOCIALES_57,"¿Quiénes vivían en España antes de los romanos?",Ciencias Sociales,4º Primaria,La Historia: Prehistoria y Edad Antigua,Íberos,PROCEDIMIENTO,SOC_PRI4_C2.1,PROPRIETARY,"Santillana",0.81,PROCEDIMIENTO,SOC_PRI4_C2.1,PROPRIETARY,false,""
santillana-4-primaria-SOCIALES_58,"¿Qué son las pinturas rupestres?",Ciencias Sociales,4º Primaria,La Historia: Prehistoria y Edad Antigua,Arte rupestre,PROCEDIMIENTO,SOC_PRI4_C2.1,PROPRIETARY,"Santillana",0.81,PROCEDIMIENTO,SOC_PRI4_C2.1,PROPRIETARY,false,""
santillana-4-primaria-SOCIALES_59,"¿Qué son los megalitos?",Ciencias Sociales,4º Primaria,La Historia: Prehistoria y Edad Antigua,Megalitos,PROCEDIMIENTO,SOC_PRI4_C2.1,PROPRIETARY,"Santillana",0.81,PROCEDIMIENTO,SOC_PRI4_C2.1,PROPRIETARY,false,""
santillana-4-primaria-SOCIALES_60,"¿Qué idioma hablaban los romanos?",Ciencias Sociales,4º Primaria,La Historia: Prehistoria y Edad Antigua,Desafío,PROCEDIMIENTO,SOC_PRI4_C2.1,PROPRIETARY,"Santillana",0.81,PROCEDIMIENTO,SOC_PRI4_C2.1,PROPRIETARY,false,""
santillana-4-primaria-SOCIALES_61,"¿Cuándo empezó la Edad Media?",Ciencias Sociales,4º Primaria,La Edad Media en España,Inicio,PROCEDIMIENTO,SOC_PRI4_C2.1,PROPRIETARY,"Santillana",0.81,PROCEDIMIENTO,SOC_PRI4_C2.1,PROPRIETARY,false,""
santillana-4-primaria-SOCIALES_62,"¿Quiénes invadieron España en la Edad Media?",Ciencias Sociales,4º Primaria,La Edad Media en España,Invasión,PROCEDIMIENTO,SOC_PRI4_C2.1,PROPRIETARY,"Santillana",0.81,PROCEDIMIENTO,SOC_PRI4_C2.1,PROPRIETARY,false,""
santillana-4-primaria-SOCIALES_63,"¿Qué fue Al-Ándalus?",Ciencias Sociales,4º Primaria,La Edad Media en España,Al-Ándalus,PROCEDIMIENTO,SOC_PRI4_C2.1,PROPRIETARY,"Santillana",0.81,PROCEDIMIENTO,SOC_PRI4_C2.1,PROPRIETARY,false,""
santillana-4-primaria-SOCIALES_64,"Di 2 cosas que nos dejaron los musulmanes",Ciencias Sociales,4º Primaria,La Edad Media en España,Legado musulmán,PROCEDIMIENTO,SOC_PRI4_C2.1,PROPRIETARY,"Santillana",0.81,PROCEDIMIENTO,SOC_PRI4_C2.1,PROPRIETARY,false,""
santillana-4-primaria-SOCIALES_65,"¿Qué fue la Reconquista?",Ciencias Sociales,4º Primaria,La Edad Media en España,Reconquista,PROCEDIMIENTO,SOC_PRI4_C2.1,PROPRIETARY,"Santillana",0.81,PROCEDIMIENTO,SOC_PRI4_C2.1,PROPRIETARY,false,""
santillana-4-primaria-SOCIALES_66,"¿Quiénes fueron los Reyes Católicos?",Ciencias Sociales,4º Primaria,La Edad Media en España,Reyes Católicos,PROCEDIMIENTO,SOC_PRI4_C2.1,PROPRIETARY,"Santillana",0.81,PROCEDIMIENTO,SOC_PRI4_C2.1,PROPRIETARY,false,""
santillana-4-primaria-SOCIALES_67,"¿Para qué se construyeron castillos en la Edad Media?",Ciencias Sociales,4º Primaria,La Edad Media en España,Castillos,PROCEDIMIENTO,SOC_PRI4_C2.1,PROPRIETARY,"Santillana",0.81,PROCEDIMIENTO,SOC_PRI4_C2.1,PROPRIETARY,false,""
santillana-4-primaria-SOCIALES_68,"¿Quiénes eran los señores feudales?",Ciencias Sociales,4º Primaria,La Edad Media en España,Sociedad feudal,PROCEDIMIENTO,SOC_PRI4_C2.1,PROPRIETARY,"Santillana",0.81,PROCEDIMIENTO,SOC_PRI4_C2.1,PROPRIETARY,false,""
santillana-4-primaria-SOCIALES_69,"¿A qué se dedicaban los campesinos en la Edad Media?",Ciencias Sociales,4º Primaria,La Edad Media en España,Campesinos,PROCEDIMIENTO,SOC_PRI4_C2.1,PROPRIETARY,"Santillana",0.81,PROCEDIMIENTO,SOC_PRI4_C2.1,PROPRIETARY,false,""
santillana-4-primaria-SOCIALES_70,"¿Qué hacían los caballeros?",Ciencias Sociales,4º Primaria,La Edad Media en España,Caballeros,PROCEDIMIENTO,SOC_PRI4_C2.1,PROPRIETARY,"Santillana",0.81,PROCEDIMIENTO,SOC_PRI4_C2.1,PROPRIETARY,false,""
santillana-4-primaria-SOCIALES_71,"¿Qué pasó en 1492?",Ciencias Sociales,4º Primaria,La Edad Media en España,1492,PROCEDIMIENTO,SOC_PRI4_C2.1,PROPRIETARY,"Santillana",0.81,PROCEDIMIENTO,SOC_PRI4_C2.1,PROPRIETARY,false,""
cuarto-primaria-galicia-PARTE1_73,"Lee: ""El perro de María es muy juguetón. Le gusta correr por el parque."" ¿De qué habla el texto?",Lengua Castellana,4º Primaria,Comprensión Lectora,Idea principal,APLICACION,LEN_PRI4_C2.1,PROPRIETARY,"Creación propia - EduAnalytics",0.86,APLICACION,LEN_PRI4_C2.1,PROPRIETARY,false,""
cuarto-primaria-galicia-PARTE1_78,"Ordena: ""Comí una manzana. Lavé la manzana. Compré la manzana.""",Lengua Castellana,4º Primaria,Comprensión Lectora,Orden cronológico,APLICACION,LEN_PRI4_C2.1,PROPRIETARY,"Creación propia - EduAnalytics",0.86,APLICACION,LEN_PRI4_C2.1,PROPRIETARY,false,""
cuarto-primaria-galicia-PARTE1_95,"En vez de ""María y yo"", puedo decir...",Lengua Castellana,4º Primaria,Gramática,Pronombres,APLICACION,LEN_PRI4_C1.1,PROPRIETARY,"Creación propia - EduAnalytics",0.86,APLICACION,LEN_PRI4_C1.1,PROPRIETARY,false,""
cuarto-primaria-galicia-PARTE1_109,"Traduce ao galego: ""ventana""",Lingua Galega,4º Primaria,Vocabulario galego,A casa,APLICACION,GAL_PRI4_C1.3,PROPRIETARY,"Creación propia - EduAnalytics",0.86,APLICACION,GAL_PRI4_C1.3,PROPRIETARY,false,""
cuarto-primaria-galicia-PARTE2_52,"Di 3 tipos de tiendas",Ciencias Sociales,4º Primaria,Mi Localidad,Comercios,APLICACION,SOC_PRI4_C1.1,PROPRIETARY,"Creación propia - EduAnalytics",0.86,APLICACION,SOC_PRI4_C1.1,PROPRIETARY,false,""
cuarto-primaria-galicia-PARTE2_88,"How do you say ""hermana"" in English?",Inglés,4º Primaria,Family and Greetings,Family - sister,APLICACION,ING_PRI4_C1.1,PROPRIETARY,"Creación propia - EduAnalytics",0.86,APLICACION,ING_PRI4_C1.1,PROPRIETARY,false,""
quinto-primaria-lengua_2,"¿Qué son las palabras llanas? Da 2 ejemplos",Lengua Castellana,5º Primaria,Lengua Castellana,Llanas,APLICACION,LEN_PRI5_C1.1,PROPRIETARY,"Creación propia - EduAnalytics",0.86,APLICACION,LEN_PRI5_C1.1,PROPRIETARY,false,""
quinto-primaria-lengua_29,"Analiza: ""El gato duerme en el sofá"" (sujeto y predicado)",Lengua Castellana,5º Primaria,Sintaxis: La oración,Análisis,APLICACION,LEN_PRI5_C1.1,PROPRIETARY,"Creación propia - EduAnalytics",0.86,APLICACION,LEN_PRI5_C1.1,PROPRIETARY,false,""
quinto-primaria-sociales_6,"¿Quién fue Carlos V?",Ciencias Sociales,5º Primaria,Ciencias Sociales,Carlos V,APLICACION,SOC_PRI5_C1.1,PROPRIETARY,"Creación propia - EduAnalytics",0.86,APLICACION,SOC_PRI5_C1.1,PROPRIETARY,false,""
quinto-primaria-sociales_14,"¿Qué pasó con las colonias americanas en el siglo XIX?",Ciencias Sociales,5º Primaria,La Edad Contemporánea en España,Independencias,APLICACION,SOC_PRI5_C2.1,PROPRIETARY,"Creación propia - EduAnalytics",0.86,APLICACION,SOC_PRI5_C2.1,PROPRIETARY,false,""
santillana-4-primaria-GALEGO_1,"Le: ""O gato de María é moi xogón. Gústalle correr polo parque."" De que fala o texto?",Lingua Galega,4º Primaria,Lingua Galega,Idea principal,APLICACION,GAL_PRI4_C1.1,PROPRIETARY,"Santillana",0.87,APLICACION,GAL_PRI4_C1.1,PROPRIETARY,false,""
santillana-4-primaria-GALEGO_23,"En vez de ""María e min"", podo dicir...",Lingua Galega,4º Primaria,Gramática Galega,Pronomes,APLICACION,GAL_PRI4_C1.1,PROPRIETARY,"Santillana",0.87,APLICACION,GAL_PRI4_C1.1,PROPRIETARY,false,""
santillana-4-primaria-GALEGO_56,"Como dirías ""mi hermana"" en galego?",Lingua Galega,4º Primaria,Redacción e Expresión en Galego,Familia,APLICACION,GAL_PRI4_C2.1,PROPRIETARY,"Santillana",0.87,APLICACION,GAL_PRI4_C2.1,PROPRIETARY,false,""
santillana-4-primaria-INGLES_48,"How do you say ""Historia""?",Inglés,4º Primaria,Vocabulary: School Subjects,Historia,APLICACION,ING_PRI4_C1.1,PROPRIETARY,"Santillana",0.87,APLICACION,ING_PRI4_C1.1,PROPRIETARY,false,""
santillana-4-primaria-LENGUA_5,"¿Cuándo llevan tilde las palabras llanas?",Lengua Castellana,4º Primaria,Lengua Castellana,Tilde llana,APLICACION,LEN_PRI4_C1.1,PROPRIETARY,"Santillana",0.87,APLICACION,LEN_PRI4_C1.1,PROPRIETARY,false,""
santillana-4-primaria-LENGUA_6,"¿Es llana la palabra ""mesa""?",Lengua Castellana,4º Primaria,Lengua Castellana,Identificar llana,APLICACION,LEN_PRI4_C1.1,PROPRIETARY,"Santillana",0.87,APLICACION,LEN_PRI4_C1.1,PROPRIETARY,false,""
santillana-4-primaria-LENGUA_14,"En ""Yo como manzanas"", ¿en qué tiempo está el verbo?",Lengua Castellana,4º Primaria,El Verbo - Tiempos Verbales,Presente,APLICACION,LEN_PRI4_C1.1,PROPRIETARY,"Santillana",0.87,APLICACION,LEN_PRI4_C1.1,PROPRIETARY,false,""
santillana-4-primaria-LENGUA_16,"En ""Mañana iré al parque"", ¿en qué tiempo está el verbo?",Lengua Castellana,4º Primaria,El Verbo - Tiempos Verbales,Futuro,APLICACION,LEN_PRI4_C1.1,PROPRIETARY,"Santillana",0.87,APLICACION,LEN_PRI4_C1.1,PROPRIETARY,false,""
santillana-4-primaria-LENGUA_40,"En ""María estudia mucho"", ¿quién es el sujeto?",Lengua Castellana,4º Primaria,La Oración Simple,Identificar sujeto,APLICACION,LEN_PRI4_C1.1,PROPRIETARY,"Santillana",0.87,APLICACION,LEN_PRI4_C1.1,PROPRIETARY,false,""
santillana-4-primaria-MATES_45,"Redondea 47.238 a la unidad de millar más cercana",Matemáticas,4º Primaria,Números de 5 y 6 cifras,Redondeo,APLICACION,MAT_PRI4_C1.1,PROPRIETARY,"Santillana",0.87,APLICACION,MAT_PRI4_C1.1,PROPRIETARY,false,""
santillana-4-primaria-MATES_84,"Si duermes 8 horas al día, ¿cuántas horas duermes en una semana?",Matemáticas,4º Primaria,Medidas de Tiempo,Desafío,APLICACION,MAT_PRI4_C2.3,PROPRIETARY,"Santillana",0.87,APLICACION,MAT_PRI4_C2.3,PROPRIETARY,false,""
santillana-4-primaria-NATURALES_22,"¿A qué grupo pertenece la rana?",Ciencias Naturales,4º Primaria,Los Animales Vertebrados,Clasificar 3,APLICACION,NAT_PRI4_C1.1,PROPRIETARY,"Santillana",0.87,APLICACION,NAT_PRI4_C1.1,PROPRIETARY,false,""
santillana-4-primaria-NATURALES_23,"¿Qué animal sufre metamorfosis: rana o perro?",Ciencias Naturales,4º Primaria,Los Animales Vertebrados,Metamorfosis,APLICACION,NAT_PRI4_C1.1,PROPRIETARY,"Santillana",0.87,APLICACION,NAT_PRI4_C1.1,PROPRIETARY,false,""
santillana-4-primaria-SOCIALES_19,"¿Cómo es el clima de Canarias?",Ciencias Sociales,4º Primaria,El Clima de España,Subtropical,APLICACION,SOC_PRI4_C1.1,PROPRIETARY,"Santillana",0.87,APLICACION,SOC_PRI4_C1.1,PROPRIETARY,false,""
santillana-4-primaria-SOCIALES_49,"¿Cuáles son las etapas de la Historia?",Ciencias Sociales,4º Primaria,La Historia: Prehistoria y Edad Antigua,Etapas,APLICACION,SOC_PRI4_C2.1,PROPRIETARY,"Santillana",0.87,APLICACION,SOC_PRI4_C2.1,PROPRIETARY,false,""
cuarto-primaria-galicia-PARTE1_13,"Calcula: 32 ÷ 8",Matemáticas,4º Primaria,División,División exacta,PROCEDIMIENTO,MAT_PRI4_C1.1,PROPRIETARY,"Creación propia - EduAnalytics",0.88,PROCEDIMIENTO,MAT_PRI4_C1.1,PROPRIETARY,false,""
cuarto-primaria-galicia-PARTE1_14,"Calcula: 35 ÷ 6",Matemáticas,4º Primaria,División,División con resto,PROCEDIMIENTO,MAT_PRI4_C1.1,PROPRIETARY,"Creación propia - EduAnalytics",0.88,PROCEDIMIENTO,MAT_PRI4_C1.1,PROPRIETARY,false,""
cuarto-primaria-galicia-PARTE1_15,"Calcula: 120 ÷ 10",Matemáticas,4º Primaria,División,Dividir por 10,PROCEDIMIENTO,MAT_PRI4_C1.1,PROPRIETARY,"Creación propia - EduAnalytics",0.88,PROCEDIMIENTO,MAT_PRI4_C1.1,PROPRIETARY,false,""
cuarto-primaria-galicia-PARTE1_16,"Tienes 48 caramelos para repartir entre 6 amigos. ¿Cuántos le tocan a cada uno?",Matemáticas,4º Primaria,División,Reparto,PROCEDIMIENTO,MAT_PRI4_C1.1,PROPRIETARY,"Creación propia - EduAnalytics",0.88,PROCEDIMIENTO,MAT_PRI4_C1.1,PROPRIETARY,false,""
cuarto-primaria-galicia-PARTE1_19,"Calcula: 84 ÷ 12",Matemáticas,4º Primaria,División,División de 2 cifras,PROCEDIMIENTO,MAT_PRI4_C1.1,PROPRIETARY,"Creación propia - EduAnalytics",0.88,PROCEDIMIENTO,MAT_PRI4_C1.1,PROPRIETARY,false,""
cuarto-primaria-galicia-PARTE1_20,"Un libro tiene 96 páginas. Si lees 8 páginas cada día, ¿en cuántos días terminas?",Matemáticas,4º Primaria,División,Problema práctico,APLICACION,MAT_PRI4_C1.1,PROPRIETARY,"Creación propia - EduAnalytics",0.88,APLICACION,MAT_PRI4_C1.1,PROPRIETARY,false,""
cuarto-primaria-galicia-PARTE1_23,"Calcula: 50 ÷ 7",Matemáticas,4º Primaria,División,División con resto grande,PROCEDIMIENTO,MAT_PRI4_C1.1,PROPRIETARY,"Creación propia - EduAnalytics",0.88,PROCEDIMIENTO,MAT_PRI4_C1.1,PROPRIETARY,false,""
cuarto-primaria-galicia-PARTE1_24,"Tienes 45 cromos. Si cada sobre lleva 6 cromos, ¿cuántos sobres completos puedes llenar?",Matemáticas,4º Primaria,División,Reparto desigual,PROCEDIMIENTO,MAT_PRI4_C1.1,PROPRIETARY,"Creación propia - EduAnalytics",0.88,PROCEDIMIENTO,MAT_PRI4_C1.1,PROPRIETARY,false,""
cuarto-primaria-galicia-PARTE1_25,"Calcula: 567 + 385",Matemáticas,4º Primaria,Sumas y Restas,Suma con llevadas,PROCEDIMIENTO,MAT_PRI4_C1.1,PROPRIETARY,"Creación propia - EduAnalytics",0.88,PROCEDIMIENTO,MAT_PRI4_C1.1,PROPRIETARY,false,""
cuarto-primaria-galicia-PARTE1_26,"Calcula: 812 - 347",Matemáticas,4º Primaria,Sumas y Restas,Resta con llevadas,PROCEDIMIENTO,MAT_PRI4_C1.1,PROPRIETARY,"Creación propia - EduAnalytics",0.88,PROCEDIMIENTO,MAT_PRI4_C1.1,PROPRIETARY,false,""
cuarto-primaria-galicia-PARTE1_27,"Calcula: 2345 + 1678",Matemáticas,4º Primaria,Sumas y Restas,Suma de 4 cifras,PROCEDIMIENTO,MAT_PRI4_C1.1,PROPRIETARY,"Creación propia - EduAnalytics",0.88,PROCEDIMIENTO,MAT_PRI4_C1.1,PROPRIETARY,false,""
cuarto-primaria-galicia-PARTE1_28,"Calcula: 5000 - 1234",Matemáticas,4º Primaria,Sumas y Restas,Resta de 4 cifras,PROCEDIMIENTO,MAT_PRI4_C1.1,PROPRIETARY,"Creación propia - EduAnalytics",0.88,PROCEDIMIENTO,MAT_PRI4_C1.1,PROPRIETARY,false,""
cuarto-primaria-galicia-PARTE1_29,"En una tienda hay 234 juguetes. Llegan 178 más. ¿Cuántos hay ahora?",Matemáticas,4º Primaria,Sumas y Restas,Problema de suma,APLICACION,MAT_PRI4_C1.1,PROPRIETARY,"Creación propia - EduAnalytics",0.88,APLICACION,MAT_PRI4_C1.1,PROPRIETARY,false,""
cuarto-primaria-galicia-PARTE1_30,"Tienes 500€ ahorrados y gastas 285€. ¿Cuánto te queda?",Matemáticas,4º Primaria,Sumas y Restas,Problema de resta,APLICACION,MAT_PRI4_C1.1,PROPRIETARY,"Creación propia - EduAnalytics",0.88,APLICACION,MAT_PRI4_C1.1,PROPRIETARY,false,""
cuarto-primaria-galicia-PARTE1_31,"Calcula: 150 + 200 - 75",Matemáticas,4º Primaria,Sumas y Restas,Operaciones combinadas,PROCEDIMIENTO,MAT_PRI4_C1.1,PROPRIETARY,"Creación propia - EduAnalytics",0.88,PROCEDIMIENTO,MAT_PRI4_C1.1,PROPRIETARY,false,""
cuarto-primaria-galicia-PARTE1_32,"Calcula mentalmente: 99 + 99",Matemáticas,4º Primaria,Sumas y Restas,Suma mental,PROCEDIMIENTO,MAT_PRI4_C1.1,PROPRIETARY,"Creación propia - EduAnalytics",0.88,PROCEDIMIENTO,MAT_PRI4_C1.1,PROPRIETARY,false,""
cuarto-primaria-galicia-PARTE1_33,"Calcula mentalmente: 200 - 98",Matemáticas,4º Primaria,Sumas y Restas,Resta mental,PROCEDIMIENTO,MAT_PRI4_C1.1,PROPRIETARY,"Creación propia - EduAnalytics",0.88,PROCEDIMIENTO,MAT_PRI4_C1.1,PROPRIETARY,false,""
cuarto-primaria-galicia-PARTE1_34,"Completa: 456 + ? = 700",Matemáticas,4º Primaria,Sumas y Restas,Completar,PROCEDIMIENTO,MAT_PRI4_C1.1,PROPRIETARY,"Creación propia - EduAnalytics",0.88,PROCEDIMIENTO,MAT_PRI4_C1.1,PROPRIETARY,false,""
cuarto-primaria-galicia-PARTE1_35,"Continúa la serie sumando 125: 100, 225, 350, ?",Matemáticas,4º Primaria,Sumas y Restas,Serie numérica,PROCEDIMIENTO,MAT_PRI4_C1.1,PROPRIETARY,"Creación propia - EduAnalytics",0.88,PROCEDIMIENTO,MAT_PRI4_C1.1,PROPRIETARY,false,""
cuarto-primaria-galicia-PARTE1_36,"En el cole hay 567 alumnos. Si 89 están de excursión, ¿cuántos están en el cole?",Matemáticas,4º Primaria,Sumas y Restas,Problema real,APLICACION,MAT_PRI4_C1.1,PROPRIETARY,"Creación propia - EduAnalytics",0.88,APLICACION,MAT_PRI4_C1.1,PROPRIETARY,false,""
cuarto-primaria-galicia-PARTE1_79,"Completa: ""Llueve mucho, por eso...""",Lengua Castellana,4º Primaria,Comprensión Lectora,Causa-efecto,PROCEDIMIENTO,LEN_PRI4_C2.1,PROPRIETARY,"Creación propia - EduAnalytics",0.88,PROCEDIMIENTO,LEN_PRI4_C2.1,PROPRIETARY,false,""
cuarto-primaria-galicia-PARTE1_88,"Completa con artículo: ""__ casa es grande""",Lengua Castellana,4º Primaria,Gramática,Artículos,PROCEDIMIENTO,LEN_PRI4_C1.1,PROPRIETARY,"Creación propia - EduAnalytics",0.88,PROCEDIMIENTO,LEN_PRI4_C1.1,PROPRIETARY,false,""
cuarto-primaria-galicia-PARTE1_97,"Como se escribe ""niño"" en galego?",Lingua Galega,4º Primaria,Lingua Galega,Ñ en galego,PROCEDIMIENTO,GAL_PRI4_C1.1,PROPRIETARY,"Creación propia - EduAnalytics",0.88,PROCEDIMIENTO,GAL_PRI4_C1.1,PROPRIETARY,false,""
cuarto-primaria-galicia-PARTE1_98,"Como se escribe ""lluvia"" en galego?",Lingua Galega,4º Primaria,Lingua Galega,LL -> L,PROCEDIMIENTO,GAL_PRI4_C1.1,PROPRIETARY,"Creación propia - EduAnalytics",0.88,PROCEDIMIENTO,GAL_PRI4_C1.1,PROPRIETARY,false,""
cuarto-primaria-galicia-PARTE1_99,"Escribe correctamente: ""bai_o"" (baixo)",Lingua Galega,4º Primaria,Lingua Galega,X galega,PROCEDIMIENTO,GAL_PRI4_C1.1,PROPRIETARY,"Creación propia - EduAnalytics",0.88,PROCEDIMIENTO,GAL_PRI4_C1.1,PROPRIETARY,false,""
cuarto-primaria-galicia-PARTE1_103,"Como se escribe ""tres"" en galego?",Lingua Galega,4º Primaria,Lingua Galega,Números,PROCEDIMIENTO,GAL_PRI4_C1.1,PROPRIETARY,"Creación propia - EduAnalytics",0.88,PROCEDIMIENTO,GAL_PRI4_C1.1,PROPRIETARY,false,""
cuarto-primaria-galicia-PARTE2_21,"¿Cuántos tipos de dientes tenemos?",Ciencias Naturales,4º Primaria,El Cuerpo Humano,Dientes,PROCEDIMIENTO,NAT_PRI4_C1.2,PROPRIETARY,"Creación propia - EduAnalytics",0.88,PROCEDIMIENTO,NAT_PRI4_C1.2,PROPRIETARY,false,""
cuarto-primaria-galicia-PARTE2_34,"¿Qué mide cuánto espacio ocupa algo?",Ciencias Naturales,4º Primaria,La Materia,Volumen,PROCEDIMIENTO,NAT_PRI4_C2.1,PROPRIETARY,"Creación propia - EduAnalytics",0.88,PROCEDIMIENTO,NAT_PRI4_C2.1,PROPRIETARY,false,""
quinto-primaria-lengua_9,"¿Cuándo se escribe ""b"" antes de consonante?",Lengua Castellana,5º Primaria,Lengua Castellana,B/V,PROCEDIMIENTO,LEN_PRI5_C1.1,PROPRIETARY,"Creación propia - EduAnalytics",0.88,PROCEDIMIENTO,LEN_PRI5_C1.1,PROPRIETARY,false,""
quinto-primaria-lengua_43,"¿Cómo se escribe un diálogo?",Lengua Castellana,5º Primaria,Expresión escrita,Diálogo,PROCEDIMIENTO,LEN_PRI5_C2.2,PROPRIETARY,"Creación propia - EduAnalytics",0.88,PROCEDIMIENTO,LEN_PRI5_C2.2,PROPRIETARY,false,""
quinto-primaria-matematicas_3,"Calcula: 5.6 + 3.25",Matemáticas,5º Primaria,Matemáticas,Suma,PROCEDIMIENTO,MAT_PRI5_C1.1,PROPRIETARY,"Creación propia - EduAnalytics",0.88,PROCEDIMIENTO,MAT_PRI5_C1.1,PROPRIETARY,false,""
quinto-primaria-matematicas_4,"Resuelve: 7.8 - 2.35",Matemáticas,5º Primaria,Matemáticas,Resta,PROCEDIMIENTO,MAT_PRI5_C1.1,PROPRIETARY,"Creación propia - EduAnalytics",0.88,PROCEDIMIENTO,MAT_PRI5_C1.1,PROPRIETARY,false,""
quinto-primaria-matematicas_5,"Multiplica: 2.5 × 4",Matemáticas,5º Primaria,Matemáticas,Multiplicación,PROCEDIMIENTO,MAT_PRI5_C1.1,PROPRIETARY,"Creación propia - EduAnalytics",0.88,PROCEDIMIENTO,MAT_PRI5_C1.1,PROPRIETARY,false,""
quinto-primaria-matematicas_6,"Divide: 15.6 ÷ 3",Matemáticas,5º Primaria,Matemáticas,División,PROCEDIMIENTO,MAT_PRI5_C1.1,PROPRIETARY,"Creación propia - EduAnalytics",0.88,PROCEDIMIENTO,MAT_PRI5_C1.1,PROPRIETARY,false,""
quinto-primaria-matematicas_9,"Si un libro cuesta 12.50€ y tienes un descuento de 2.25€, ¿cuánto pagarás?",Matemáticas,5º Primaria,Matemáticas,Problema,APLICACION,MAT_PRI5_C1.1,PROPRIETARY,"Creación propia - EduAnalytics",0.88,APLICACION,MAT_PRI5_C1.1,PROPRIETARY,false,""
quinto-primaria-matematicas_12,"Calcula el 10% de 200",Matemáticas,5º Primaria,Porcentajes,Cálculo básico,PROCEDIMIENTO,MAT_PRI5_C1.2,PROPRIETARY,"Creación propia - EduAnalytics",0.88,PROCEDIMIENTO,MAT_PRI5_C1.2,PROPRIETARY,false,""
quinto-primaria-matematicas_13,"Calcula el 25% de 80",Matemáticas,5º Primaria,Porcentajes,Cálculo medio,PROCEDIMIENTO,MAT_PRI5_C1.2,PROPRIETARY,"Creación propia - EduAnalytics",0.88,PROCEDIMIENTO,MAT_PRI5_C1.2,PROPRIETARY,false,""
quinto-primaria-matematicas_14,"Si un pantalón de 40€ tiene un descuento del 25%, ¿cuánto ahorras?",Matemáticas,5º Primaria,Porcentajes,Descuento,PROCEDIMIENTO,MAT_PRI5_C1.2,PROPRIETARY,"Creación propia - EduAnalytics",0.88,PROCEDIMIENTO,MAT_PRI5_C1.2,PROPRIETARY,false,""
quinto-primaria-matematicas_16,"En una clase de 20 alumnos, 5 son niñas. ¿Qué porcentaje son niñas?",Matemáticas,5º Primaria,Porcentajes,Problema,APLICACION,MAT_PRI5_C1.2,PROPRIETARY,"Creación propia - EduAnalytics",0.88,APLICACION,MAT_PRI5_C1.2,PROPRIETARY,false,""
quinto-primaria-matematicas_17,"Si apruebo el 75% de 8 exámenes, ¿cuántos apruebo?",Matemáticas,5º Primaria,Porcentajes,Cálculo,PROCEDIMIENTO,MAT_PRI5_C1.2,PROPRIETARY,"Creación propia - EduAnalytics",0.88,PROCEDIMIENTO,MAT_PRI5_C1.2,PROPRIETARY,false,""
quinto-primaria-matematicas_21,"Escribe los 5 primeros múltiplos de 3",Matemáticas,5º Primaria,Múltiplos y divisores,Múltiplos,PROCEDIMIENTO,MAT_PRI5_C1.3,PROPRIETARY,"Creación propia - EduAnalytics",0.88,PROCEDIMIENTO,MAT_PRI5_C1.3,PROPRIETARY,false,""
quinto-primaria-matematicas_22,"Escribe todos los divisores de 12",Matemáticas,5º Primaria,Múltiplos y divisores,Divisores,PROCEDIMIENTO,MAT_PRI5_C1.3,PROPRIETARY,"Creación propia - EduAnalytics",0.88,PROCEDIMIENTO,MAT_PRI5_C1.3,PROPRIETARY,false,""
quinto-primaria-matematicas_25,"Calcula el mínimo común múltiplo (m.c.m.) de 4 y 6",Matemáticas,5º Primaria,Múltiplos y divisores,MCM,PROCEDIMIENTO,MAT_PRI5_C1.3,PROPRIETARY,"Creación propia - EduAnalytics",0.88,PROCEDIMIENTO,MAT_PRI5_C1.3,PROPRIETARY,false,""
quinto-primaria-matematicas_26,"Calcula el máximo común divisor (M.C.D.) de 12 y 18",Matemáticas,5º Primaria,Múltiplos y divisores,MCD,PROCEDIMIENTO,MAT_PRI5_C1.3,PROPRIETARY,"Creación propia - EduAnalytics",0.88,PROCEDIMIENTO,MAT_PRI5_C1.3,PROPRIETARY,false,""
quinto-primaria-matematicas_30,"Quiero repartir 24 caramelos en bolsas iguales. ¿De cuántas formas puedo hacerlo?",Matemáticas,5º Primaria,Múltiplos y divisores,Problema,APLICACION,MAT_PRI5_C1.3,PROPRIETARY,"Creación propia - EduAnalytics",0.88,APLICACION,MAT_PRI5_C1.3,PROPRIETARY,false,""
quinto-primaria-matematicas_31,"Calcula el área de un rectángulo de 8 cm de largo y 5 cm de ancho",Matemáticas,5º Primaria,Área y perímetro,Rectángulo área,PROCEDIMIENTO,MAT_PRI5_C2.1,PROPRIETARY,"Creación propia - EduAnalytics",0.88,PROCEDIMIENTO,MAT_PRI5_C2.1,PROPRIETARY,false,""
quinto-primaria-matematicas_32,"Calcula el perímetro de un cuadrado de lado 7 cm",Matemáticas,5º Primaria,Área y perímetro,Cuadrado perímetro,PROCEDIMIENTO,MAT_PRI5_C2.1,PROPRIETARY,"Creación propia - EduAnalytics",0.88,PROCEDIMIENTO,MAT_PRI5_C2.1,PROPRIETARY,false,""
quinto-primaria-matematicas_33,"Un triángulo tiene base 10 cm y altura 6 cm. Calcula su área",Matemáticas,5º Primaria,Área y perímetro,Triángulo área,PROCEDIMIENTO,MAT_PRI5_C2.1,PROPRIETARY,"Creación propia - EduAnalytics",0.88,PROCEDIMIENTO,MAT_PRI5_C2.1,PROPRIETARY,false,""
quinto-primaria-matematicas_34,"Calcula el área de un círculo de radio 5 cm (usa π ≈ 3.14)",Matemáticas,5º Primaria,Área y perímetro,Círculo área,PROCEDIMIENTO,MAT_PRI5_C2.1,PROPRIETARY,"Creación propia - EduAnalytics",0.88,PROCEDIMIENTO,MAT_PRI5_C2.1,PROPRIETARY,false,""
quinto-primaria-matematicas_35,"Un jardín rectangular de 12 m × 8 m. ¿Cuántos metros de valla se necesitan para cercarlo?",Matemáticas,5º Primaria,Área y perímetro,Jardín,PROCEDIMIENTO,MAT_PRI5_C2.1,PROPRIETARY,"Creación propia - EduAnalytics",0.88,PROCEDIMIENTO,MAT_PRI5_C2.1,PROPRIETARY,false,""
quinto-primaria-matematicas_37,"Calcula el perímetro de un triángulo equilátero de lado 9 cm",Matemáticas,5º Primaria,Área y perímetro,Triángulo perímetro,PROCEDIMIENTO,MAT_PRI5_C2.1,PROPRIETARY,"Creación propia - EduAnalytics",0.88,PROCEDIMIENTO,MAT_PRI5_C2.1,PROPRIETARY,false,""
quinto-primaria-matematicas_39,"Calcula el área de un paralelogramo de base 10 cm y altura 4 cm",Matemáticas,5º Primaria,Área y perímetro,Paralelogramo,PROCEDIMIENTO,MAT_PRI5_C2.1,PROPRIETARY,"Creación propia - EduAnalytics",0.88,PROCEDIMIENTO,MAT_PRI5_C2.1,PROPRIETARY,false,""
quinto-primaria-matematicas_40,"¿Cuántos cuadrados de 1 cm² caben en un rectángulo de 6 cm × 5 cm?",Matemáticas,5º Primaria,Área y perímetro,Cuadrados,PROCEDIMIENTO,MAT_PRI5_C2.1,PROPRIETARY,"Creación propia - EduAnalytics",0.88,PROCEDIMIENTO,MAT_PRI5_C2.1,PROPRIETARY,false,""
quinto-primaria-matematicas_44,"¿Cuántos centímetros hay en 5 metros?",Matemáticas,5º Primaria,Unidades de medida,Centímetros,PROCEDIMIENTO,MAT_PRI5_C2.2,PROPRIETARY,"Creación propia - EduAnalytics",0.88,PROCEDIMIENTO,MAT_PRI5_C2.2,PROPRIETARY,false,""
quinto-primaria-matematicas_46,"Suma: 2 m 35 cm + 1 m 80 cm",Matemáticas,5º Primaria,Unidades de medida,Suma medidas,PROCEDIMIENTO,MAT_PRI5_C2.2,PROPRIETARY,"Creación propia - EduAnalytics",0.88,PROCEDIMIENTO,MAT_PRI5_C2.2,PROPRIETARY,false,""
quinto-primaria-matematicas_47,"Resta: 5 kg 200 g - 2 kg 750 g",Matemáticas,5º Primaria,Unidades de medida,Resta medidas,PROCEDIMIENTO,MAT_PRI5_C2.2,PROPRIETARY,"Creación propia - EduAnalytics",0.88,PROCEDIMIENTO,MAT_PRI5_C2.2,PROPRIETARY,false,""
quinto-primaria-matematicas_48,"Si una botella tiene 500 ml, ¿cuántas necesito para llenar un recipiente de 2 litros?",Matemáticas,5º Primaria,Unidades de medida,Problema litros,APLICACION,MAT_PRI5_C2.2,PROPRIETARY,"Creación propia - EduAnalytics",0.88,APLICACION,MAT_PRI5_C2.2,PROPRIETARY,false,""
quinto-primaria-matematicas_49,"¿Cuántos minutos son 2 horas y 30 minutos?",Matemáticas,5º Primaria,Unidades de medida,Tiempo,PROCEDIMIENTO,MAT_PRI5_C2.2,PROPRIETARY,"Creación propia - EduAnalytics",0.88,PROCEDIMIENTO,MAT_PRI5_C2.2,PROPRIETARY,false,""
quinto-primaria-matematicas_50,"¿Cuántos metros cuadrados son 50000 cm²?",Matemáticas,5º Primaria,Unidades de medida,Superficie,PROCEDIMIENTO,MAT_PRI5_C2.2,PROPRIETARY,"Creación propia - EduAnalytics",0.88,PROCEDIMIENTO,MAT_PRI5_C2.2,PROPRIETARY,false,""
cuarto-primaria-galicia-PARTE1_17,"¿Cuál es la mitad de 56?",Matemáticas,4º Primaria,División,Mitad,CONCEPTO,MAT_PRI4_C1.1,PROPRIETARY,"Creación propia - EduAnalytics",0.89,CONCEPTO,MAT_PRI4_C1.1,PROPRIETARY,false,""
cuarto-primaria-galicia-PARTE1_18,"¿Cuál es la tercera parte de 27?",Matemáticas,4º Primaria,División,Tercio,CONCEPTO,MAT_PRI4_C1.1,PROPRIETARY,"Creación propia - EduAnalytics",0.89,CONCEPTO,MAT_PRI4_C1.1,PROPRIETARY,false,""
cuarto-primaria-galicia-PARTE1_21,"Si ? ÷ 7 = 9, ¿cuál es el número que falta?",Matemáticas,4º Primaria,División,División inversa,CONCEPTO,MAT_PRI4_C1.1,PROPRIETARY,"Creación propia - EduAnalytics",0.89,CONCEPTO,MAT_PRI4_C1.1,PROPRIETARY,false,""
cuarto-primaria-galicia-PARTE1_22,"¿Cuál es la cuarta parte de 40?",Matemáticas,4º Primaria,División,Cuarto,CONCEPTO,MAT_PRI4_C1.1,PROPRIETARY,"Creación propia - EduAnalytics",0.89,CONCEPTO,MAT_PRI4_C1.1,PROPRIETARY,false,""
cuarto-primaria-galicia-PARTE1_75,"Si el perro es juguetón, significa que le gusta...",Lengua Castellana,4º Primaria,Comprensión Lectora,Inferencia,CONCEPTO,LEN_PRI4_C2.1,PROPRIETARY,"Creación propia - EduAnalytics",0.89,CONCEPTO,LEN_PRI4_C2.1,PROPRIETARY,false,""
cuarto-primaria-galicia-PARTE1_76,"En ""el niño está contento"", ¿qué palabra significa lo mismo que contento?",Lengua Castellana,4º Primaria,Comprensión Lectora,Sinónimos,CONCEPTO,LEN_PRI4_C2.1,PROPRIETARY,"Creación propia - EduAnalytics",0.89,CONCEPTO,LEN_PRI4_C2.1,PROPRIETARY,false,""
cuarto-primaria-galicia-PARTE1_77,"¿Cuál es lo contrario de ""grande""?",Lengua Castellana,4º Primaria,Comprensión Lectora,Antónimos,CONCEPTO,LEN_PRI4_C2.1,PROPRIETARY,"Creación propia - EduAnalytics",0.89,CONCEPTO,LEN_PRI4_C2.1,PROPRIETARY,false,""
cuarto-primaria-galicia-PARTE1_85,"En ""El perro ladra"", ¿cuál es el sustantivo?",Lengua Castellana,4º Primaria,Gramática,Sustantivos,CONCEPTO,LEN_PRI4_C1.1,PROPRIETARY,"Creación propia - EduAnalytics",0.89,CONCEPTO,LEN_PRI4_C1.1,PROPRIETARY,false,""
cuarto-primaria-galicia-PARTE1_86,"En ""María corre"", ¿cuál es el verbo?",Lengua Castellana,4º Primaria,Gramática,Verbos,CONCEPTO,LEN_PRI4_C1.1,PROPRIETARY,"Creación propia - EduAnalytics",0.89,CONCEPTO,LEN_PRI4_C1.1,PROPRIETARY,false,""
cuarto-primaria-galicia-PARTE1_87,"En ""El gato negro"", ¿cuál es el adjetivo?",Lengua Castellana,4º Primaria,Gramática,Adjetivos,CONCEPTO,LEN_PRI4_C1.1,PROPRIETARY,"Creación propia - EduAnalytics",0.89,CONCEPTO,LEN_PRI4_C1.1,PROPRIETARY,false,""
quinto-primaria-lengua_5,"¿Qué es un diptongo? Da un ejemplo",Lengua Castellana,5º Primaria,Lengua Castellana,Diptongo,CONCEPTO,LEN_PRI5_C1.1,PROPRIETARY,"Creación propia - EduAnalytics",0.89,CONCEPTO,LEN_PRI5_C1.1,PROPRIETARY,false,""
quinto-primaria-lengua_6,"¿Qué es un hiato? Da un ejemplo",Lengua Castellana,5º Primaria,Lengua Castellana,Hiato,CONCEPTO,LEN_PRI5_C1.1,PROPRIETARY,"Creación propia - EduAnalytics",0.89,CONCEPTO,LEN_PRI5_C1.1,PROPRIETARY,false,""
quinto-primaria-lengua_11,"¿Qué es un sustantivo? Da 3 ejemplos",Lengua Castellana,5º Primaria,Gramática: Clases de palabras,Sustantivo,CONCEPTO,LEN_PRI5_C1.1,PROPRIETARY,"Creación propia - EduAnalytics",0.89,CONCEPTO,LEN_PRI5_C1.1,PROPRIETARY,false,""
quinto-primaria-lengua_12,"¿Qué es un adjetivo? Da 3 ejemplos",Lengua Castellana,5º Primaria,Gramática: Clases de palabras,Adjetivo,CONCEPTO,LEN_PRI5_C1.1,PROPRIETARY,"Creación propia - EduAnalytics",0.89,CONCEPTO,LEN_PRI5_C1.1,PROPRIETARY,false,""
quinto-primaria-lengua_13,"¿Qué es un verbo? Da 3 ejemplos",Lengua Castellana,5º Primaria,Gramática: Clases de palabras,Verbo,CONCEPTO,LEN_PRI5_C1.1,PROPRIETARY,"Creación propia - EduAnalytics",0.89,CONCEPTO,LEN_PRI5_C1.1,PROPRIETARY,false,""
quinto-primaria-lengua_14,"¿Qué es un determinante? Da ejemplos",Lengua Castellana,5º Primaria,Gramática: Clases de palabras,Determinante,CONCEPTO,LEN_PRI5_C1.1,PROPRIETARY,"Creación propia - EduAnalytics",0.89,CONCEPTO,LEN_PRI5_C1.1,PROPRIETARY,false,""
quinto-primaria-lengua_15,"¿Qué es un pronombre? Da 3 ejemplos",Lengua Castellana,5º Primaria,Gramática: Clases de palabras,Pronombre,CONCEPTO,LEN_PRI5_C1.1,PROPRIETARY,"Creación propia - EduAnalytics",0.89,CONCEPTO,LEN_PRI5_C1.1,PROPRIETARY,false,""
quinto-primaria-lengua_16,"¿Qué es un adverbio? Da 3 ejemplos",Lengua Castellana,5º Primaria,Gramática: Clases de palabras,Adverbio,CONCEPTO,LEN_PRI5_C1.1,PROPRIETARY,"Creación propia - EduAnalytics",0.89,CONCEPTO,LEN_PRI5_C1.1,PROPRIETARY,false,""
quinto-primaria-lengua_18,"¿Qué es una conjunción? Da 3 ejemplos",Lengua Castellana,5º Primaria,Gramática: Clases de palabras,Conjunción,CONCEPTO,LEN_PRI5_C1.1,PROPRIETARY,"Creación propia - EduAnalytics",0.89,CONCEPTO,LEN_PRI5_C1.1,PROPRIETARY,false,""
quinto-primaria-lengua_19,"En ""El perro negro corre rápido"", ¿cuál es el adjetivo?",Lengua Castellana,5º Primaria,Gramática: Clases de palabras,Identificar,CONCEPTO,LEN_PRI5_C1.1,PROPRIETARY,"Creación propia - EduAnalytics",0.89,CONCEPTO,LEN_PRI5_C1.1,PROPRIETARY,false,""
quinto-primaria-lengua_20,"En ""María come manzanas"", ¿cuál es el verbo?",Lengua Castellana,5º Primaria,Gramática: Clases de palabras,Identificar 2,CONCEPTO,LEN_PRI5_C1.1,PROPRIETARY,"Creación propia - EduAnalytics",0.89,CONCEPTO,LEN_PRI5_C1.1,PROPRIETARY,false,""
quinto-primaria-lengua_21,"Identifica el sujeto en: ""Los niños juegan en el parque""",Lengua Castellana,5º Primaria,Sintaxis: La oración,Sujeto,CONCEPTO,LEN_PRI5_C1.1,PROPRIETARY,"Creación propia - EduAnalytics",0.89,CONCEPTO,LEN_PRI5_C1.1,PROPRIETARY,false,""
quinto-primaria-lengua_22,"Identifica el predicado en: ""María estudia matemáticas""",Lengua Castellana,5º Primaria,Sintaxis: La oración,Predicado,CONCEPTO,LEN_PRI5_C1.1,PROPRIETARY,"Creación propia - EduAnalytics",0.89,CONCEPTO,LEN_PRI5_C1.1,PROPRIETARY,false,""
quinto-primaria-lengua_23,"¿Qué es el complemento directo? Identifícalo en: ""Juan come pan""",Lengua Castellana,5º Primaria,Sintaxis: La oración,C. Directo,CONCEPTO,LEN_PRI5_C1.1,PROPRIETARY,"Creación propia - EduAnalytics",0.89,CONCEPTO,LEN_PRI5_C1.1,PROPRIETARY,false,""
quinto-primaria-lengua_24,"Identifica el C.I. en: ""María da un regalo a su madre""",Lengua Castellana,5º Primaria,Sintaxis: La oración,C. Indirecto,CONCEPTO,LEN_PRI5_C1.1,PROPRIETARY,"Creación propia - EduAnalytics",0.89,CONCEPTO,LEN_PRI5_C1.1,PROPRIETARY,false,""
quinto-primaria-lengua_25,"Identifica el C.C. de lugar en: ""Jugamos en el patio""",Lengua Castellana,5º Primaria,Sintaxis: La oración,C. Circunstancial,CONCEPTO,LEN_PRI5_C1.1,PROPRIETARY,"Creación propia - EduAnalytics",0.89,CONCEPTO,LEN_PRI5_C1.1,PROPRIETARY,false,""
quinto-primaria-lengua_26,"¿Cuál es el núcleo del sujeto en: ""El perro grande ladra""?",Lengua Castellana,5º Primaria,Sintaxis: La oración,Núcleo sujeto,CONCEPTO,LEN_PRI5_C1.1,PROPRIETARY,"Creación propia - EduAnalytics",0.89,CONCEPTO,LEN_PRI5_C1.1,PROPRIETARY,false,""
quinto-primaria-lengua_27,"¿Cuál es el núcleo del predicado en: ""Los niños corren rápido""?",Lengua Castellana,5º Primaria,Sintaxis: La oración,Núcleo predicado,CONCEPTO,LEN_PRI5_C1.1,PROPRIETARY,"Creación propia - EduAnalytics",0.89,CONCEPTO,LEN_PRI5_C1.1,PROPRIETARY,false,""
quinto-primaria-lengua_28,"¿Qué es una oración simple?",Lengua Castellana,5º Primaria,Sintaxis: La oración,Oración simple,CONCEPTO,LEN_PRI5_C1.1,PROPRIETARY,"Creación propia - EduAnalytics",0.89,CONCEPTO,LEN_PRI5_C1.1,PROPRIETARY,false,""
quinto-primaria-lengua_31,"¿Qué es la idea principal de un texto?",Lengua Castellana,5º Primaria,Comprensión lectora,Idea principal,CONCEPTO,LEN_PRI5_C2.1,PROPRIETARY,"Creación propia - EduAnalytics",0.89,CONCEPTO,LEN_PRI5_C2.1,PROPRIETARY,false,""
quinto-primaria-lengua_34,"¿Qué significa ""inferir"" en un texto?",Lengua Castellana,5º Primaria,Comprensión lectora,Inferir,CONCEPTO,LEN_PRI5_C2.1,PROPRIETARY,"Creación propia - EduAnalytics",0.89,CONCEPTO,LEN_PRI5_C2.1,PROPRIETARY,false,""
quinto-primaria-lengua_35,"¿Qué estrategias usas para entender palabras desconocidas?",Lengua Castellana,5º Primaria,Comprensión lectora,Vocabulario,CONCEPTO,LEN_PRI5_C2.1,PROPRIETARY,"Creación propia - EduAnalytics",0.89,CONCEPTO,LEN_PRI5_C2.1,PROPRIETARY,false,""
quinto-primaria-lengua_36,"¿Qué es una relación causa-efecto?",Lengua Castellana,5º Primaria,Comprensión lectora,Causa-efecto,CONCEPTO,LEN_PRI5_C2.1,PROPRIETARY,"Creación propia - EduAnalytics",0.89,CONCEPTO,LEN_PRI5_C2.1,PROPRIETARY,false,""
quinto-primaria-lengua_37,"¿Qué es el narrador en 1ª persona?",Lengua Castellana,5º Primaria,Comprensión lectora,Narrador,CONCEPTO,LEN_PRI5_C2.1,PROPRIETARY,"Creación propia - EduAnalytics",0.89,CONCEPTO,LEN_PRI5_C2.1,PROPRIETARY,false,""
quinto-primaria-lengua_38,"¿Qué es el narrador en 3ª persona?",Lengua Castellana,5º Primaria,Comprensión lectora,Narrador 3ª,CONCEPTO,LEN_PRI5_C2.1,PROPRIETARY,"Creación propia - EduAnalytics",0.89,CONCEPTO,LEN_PRI5_C2.1,PROPRIETARY,false,""
quinto-primaria-lengua_39,"¿Qué es el personaje principal?",Lengua Castellana,5º Primaria,Comprensión lectora,Personajes,CONCEPTO,LEN_PRI5_C2.1,PROPRIETARY,"Creación propia - EduAnalytics",0.89,CONCEPTO,LEN_PRI5_C2.1,PROPRIETARY,false,""
quinto-primaria-lengua_48,"¿Qué es un párrafo?",Lengua Castellana,5º Primaria,Expresión escrita,Párrafo,CONCEPTO,LEN_PRI5_C2.2,PROPRIETARY,"Creación propia - EduAnalytics",0.89,CONCEPTO,LEN_PRI5_C2.2,PROPRIETARY,false,""
quinto-primaria-matematicas_10,"¿Cuál es mayor: 0.8 o 0.79?",Matemáticas,5º Primaria,Matemáticas,Comparación,CONCEPTO,MAT_PRI5_C1.1,PROPRIETARY,"Creación propia - EduAnalytics",0.89,CONCEPTO,MAT_PRI5_C1.1,PROPRIETARY,false,""
quinto-primaria-matematicas_19,"Un producto de 60€ sube un 10%. ¿Cuál es el nuevo precio?",Matemáticas,5º Primaria,Porcentajes,Aumento,CONCEPTO,MAT_PRI5_C1.2,PROPRIETARY,"Creación propia - EduAnalytics",0.89,CONCEPTO,MAT_PRI5_C1.2,PROPRIETARY,false,""
quinto-primaria-matematicas_20,"¿Qué es mayor: 30% de 100 o 50% de 50?",Matemáticas,5º Primaria,Porcentajes,Comparación,CONCEPTO,MAT_PRI5_C1.2,PROPRIETARY,"Creación propia - EduAnalytics",0.89,CONCEPTO,MAT_PRI5_C1.2,PROPRIETARY,false,""
quinto-primaria-matematicas_38,"Tengo un rectángulo de área 48 cm² y base 8 cm. ¿Cuál es su altura?",Matemáticas,5º Primaria,Área y perímetro,Inversa,CONCEPTO,MAT_PRI5_C2.1,PROPRIETARY,"Creación propia - EduAnalytics",0.89,CONCEPTO,MAT_PRI5_C2.1,PROPRIETARY,false,""
quinto-primaria-naturales_2,"¿Qué es la célula?",Ciencias Naturales,5º Primaria,Ciencias de la Naturaleza,Célula,CONCEPTO,NAT_PRI5_C1.1,PROPRIETARY,"Creación propia - EduAnalytics",0.89,CONCEPTO,NAT_PRI5_C1.1,PROPRIETARY,false,""
quinto-primaria-naturales_6,"¿Qué es la fotosíntesis?",Ciencias Naturales,5º Primaria,Ciencias de la Naturaleza,Fotosíntesis,CONCEPTO,NAT_PRI5_C1.1,PROPRIETARY,"Creación propia - EduAnalytics",0.89,CONCEPTO,NAT_PRI5_C1.1,PROPRIETARY,false,""
quinto-primaria-naturales_7,"¿Qué es una cadena alimentaria?",Ciencias Naturales,5º Primaria,Ciencias de la Naturaleza,Cadena alimentaria,CONCEPTO,NAT_PRI5_C1.1,PROPRIETARY,"Creación propia - EduAnalytics",0.89,CONCEPTO,NAT_PRI5_C1.1,PROPRIETARY,false,""
quinto-primaria-naturales_26,"¿Qué es el fruto?",Ciencias Naturales,5º Primaria,Las plantas,Fruto,CONCEPTO,NAT_PRI5_C1.1,PROPRIETARY,"Creación propia - EduAnalytics",0.89,CONCEPTO,NAT_PRI5_C1.1,PROPRIETARY,false,""
quinto-primaria-naturales_28,"¿Qué es la polinización?",Ciencias Naturales,5º Primaria,Las plantas,Polinización,CONCEPTO,NAT_PRI5_C1.1,PROPRIETARY,"Creación propia - EduAnalytics",0.89,CONCEPTO,NAT_PRI5_C1.1,PROPRIETARY,false,""
quinto-primaria-naturales_36,"¿Qué es la fusión?",Ciencias Naturales,5º Primaria,La materia,Fusión,CONCEPTO,NAT_PRI5_C2.1,PROPRIETARY,"Creación propia - EduAnalytics",0.89,CONCEPTO,NAT_PRI5_C2.1,PROPRIETARY,false,""
quinto-primaria-naturales_37,"¿Qué es la solidificación?",Ciencias Naturales,5º Primaria,La materia,Solidificación,CONCEPTO,NAT_PRI5_C2.1,PROPRIETARY,"Creación propia - EduAnalytics",0.89,CONCEPTO,NAT_PRI5_C2.1,PROPRIETARY,false,""
quinto-primaria-naturales_38,"¿Qué es la evaporación?",Ciencias Naturales,5º Primaria,La materia,Evaporación,CONCEPTO,NAT_PRI5_C2.1,PROPRIETARY,"Creación propia - EduAnalytics",0.89,CONCEPTO,NAT_PRI5_C2.1,PROPRIETARY,false,""
quinto-primaria-naturales_39,"¿Qué es la condensación?",Ciencias Naturales,5º Primaria,La materia,Condensación,CONCEPTO,NAT_PRI5_C2.1,PROPRIETARY,"Creación propia - EduAnalytics",0.89,CONCEPTO,NAT_PRI5_C2.1,PROPRIETARY,false,""
quinto-primaria-naturales_40,"¿Qué es una mezcla? Da un ejemplo",Ciencias Naturales,5º Primaria,La materia,Mezcla,CONCEPTO,NAT_PRI5_C2.1,PROPRIETARY,"Creación propia - EduAnalytics",0.89,CONCEPTO,NAT_PRI5_C2.1,PROPRIETARY,false,""
quinto-primaria-naturales_45,"¿Qué es la energía solar?",Ciencias Naturales,5º Primaria,La energía,Solar,CONCEPTO,NAT_PRI5_C2.2,PROPRIETARY,"Creación propia - EduAnalytics",0.89,CONCEPTO,NAT_PRI5_C2.2,PROPRIETARY,false,""
quinto-primaria-naturales_46,"¿Qué es la energía eólica?",Ciencias Naturales,5º Primaria,La energía,Eólica,CONCEPTO,NAT_PRI5_C2.2,PROPRIETARY,"Creación propia - EduAnalytics",0.89,CONCEPTO,NAT_PRI5_C2.2,PROPRIETARY,false,""
quinto-primaria-naturales_47,"¿Qué es la energía hidráulica?",Ciencias Naturales,5º Primaria,La energía,Hidráulica,CONCEPTO,NAT_PRI5_C2.2,PROPRIETARY,"Creación propia - EduAnalytics",0.89,CONCEPTO,NAT_PRI5_C2.2,PROPRIETARY,false,""
quinto-primaria-sociales_22,"¿Qué es el Sol?",Ciencias Sociales,5º Primaria,El Universo y la Tierra,Estrella,CONCEPTO,SOC_PRI5_C1.1,PROPRIETARY,"Creación propia - EduAnalytics",0.89,CONCEPTO,SOC_PRI5_C1.1,PROPRIETARY,false,""
quinto-primaria-sociales_23,"¿Qué es la Luna?",Ciencias Sociales,5º Primaria,El Universo y la Tierra,Satélite,CONCEPTO,SOC_PRI5_C1.1,PROPRIETARY,"Creación propia - EduAnalytics",0.89,CONCEPTO,SOC_PRI5_C1.1,PROPRIETARY,false,""
quinto-primaria-sociales_25,"¿Qué es la rotación terrestre?",Ciencias Sociales,5º Primaria,El Universo y la Tierra,Rotación,CONCEPTO,SOC_PRI5_C1.1,PROPRIETARY,"Creación propia - EduAnalytics",0.89,CONCEPTO,SOC_PRI5_C1.1,PROPRIETARY,false,""
quinto-primaria-sociales_26,"¿Qué es la traslación terrestre?",Ciencias Sociales,5º Primaria,El Universo y la Tierra,Traslación,CONCEPTO,SOC_PRI5_C1.1,PROPRIETARY,"Creación propia - EduAnalytics",0.89,CONCEPTO,SOC_PRI5_C1.1,PROPRIETARY,false,""
quinto-primaria-sociales_29,"¿Qué es un eclipse solar?",Ciencias Sociales,5º Primaria,El Universo y la Tierra,Eclipse solar,CONCEPTO,SOC_PRI5_C1.1,PROPRIETARY,"Creación propia - EduAnalytics",0.89,CONCEPTO,SOC_PRI5_C1.1,PROPRIETARY,false,""
quinto-primaria-sociales_36,"¿Qué es una península?",Ciencias Sociales,5º Primaria,El relieve de Europa,Península,CONCEPTO,SOC_PRI5_C1.1,PROPRIETARY,"Creación propia - EduAnalytics",0.89,CONCEPTO,SOC_PRI5_C1.1,PROPRIETARY,false,""
quinto-primaria-sociales_37,"¿Qué es una meseta?",Ciencias Sociales,5º Primaria,El relieve de Europa,Meseta,CONCEPTO,SOC_PRI5_C1.1,PROPRIETARY,"Creación propia - EduAnalytics",0.89,CONCEPTO,SOC_PRI5_C1.1,PROPRIETARY,false,""
quinto-primaria-sociales_38,"¿Qué es un delta?",Ciencias Sociales,5º Primaria,El relieve de Europa,Delta,CONCEPTO,SOC_PRI5_C1.1,PROPRIETARY,"Creación propia - EduAnalytics",0.89,CONCEPTO,SOC_PRI5_C1.1,PROPRIETARY,false,""
quinto-primaria-sociales_39,"¿Qué es un cabo?",Ciencias Sociales,5º Primaria,El relieve de Europa,Cabo,CONCEPTO,SOC_PRI5_C1.1,PROPRIETARY,"Creación propia - EduAnalytics",0.89,CONCEPTO,SOC_PRI5_C1.1,PROPRIETARY,false,""
quinto-primaria-sociales_40,"¿Qué es un golfo?",Ciencias Sociales,5º Primaria,El relieve de Europa,Golfo,CONCEPTO,SOC_PRI5_C1.1,PROPRIETARY,"Creación propia - EduAnalytics",0.89,CONCEPTO,SOC_PRI5_C1.1,PROPRIETARY,false,""
quinto-primaria-sociales_41,"¿Qué es la Unión Europea?",Ciencias Sociales,5º Primaria,Países de Europa,UE,CONCEPTO,SOC_PRI5_C1.1,PROPRIETARY,"Creación propia - EduAnalytics",0.89,CONCEPTO,SOC_PRI5_C1.1,PROPRIETARY,false,""
quinto-primaria-sociales_42,"¿Cuál es la capital de Francia?",Ciencias Sociales,5º Primaria,Países de Europa,Capitales,CONCEPTO,SOC_PRI5_C1.1,PROPRIETARY,"Creación propia - EduAnalytics",0.89,CONCEPTO,SOC_PRI5_C1.1,PROPRIETARY,false,""
quinto-primaria-sociales_43,"¿Cuál es la capital de Italia?",Ciencias Sociales,5º Primaria,Países de Europa,Capitales 2,CONCEPTO,SOC_PRI5_C1.1,PROPRIETARY,"Creación propia - EduAnalytics",0.89,CONCEPTO,SOC_PRI5_C1.1,PROPRIETARY,false,""
quinto-primaria-sociales_44,"¿Cuál es la capital de Alemania?",Ciencias Sociales,5º Primaria,Países de Europa,Capitales 3,CONCEPTO,SOC_PRI5_C1.1,PROPRIETARY,"Creación propia - EduAnalytics",0.89,CONCEPTO,SOC_PRI5_C1.1,PROPRIETARY,false,""
quinto-primaria-sociales_45,"¿Cuál es la capital de Reino Unido?",Ciencias Sociales,5º Primaria,Países de Europa,Capitales 4,CONCEPTO,SOC_PRI5_C1.1,PROPRIETARY,"Creación propia - EduAnalytics",0.89,CONCEPTO,SOC_PRI5_C1.1,PROPRIETARY,false,""
quinto-primaria-sociales_49,"¿Cuál es la moneda común de muchos países de la UE?",Ciencias Sociales,5º Primaria,Países de Europa,Moneda,CONCEPTO,SOC_PRI5_C1.1,PROPRIETARY,"Creación propia - EduAnalytics",0.89,CONCEPTO,SOC_PRI5_C1.1,PROPRIETARY,false,""
santillana-4-primaria-GALEGO_7,"Completa: ""Chove moito, por iso...""",Lingua Galega,4º Primaria,Lingua Galega,Causa-efecto,PROCEDIMIENTO,GAL_PRI4_C1.1,PROPRIETARY,"Santillana",0.89,PROCEDIMIENTO,GAL_PRI4_C1.1,PROPRIETARY,false,""
santillana-4-primaria-GALEGO_16,"Completa con artigo: ""__ casa é grande""",Lingua Galega,4º Primaria,Gramática Galega,Artigos,PROCEDIMIENTO,GAL_PRI4_C1.1,PROPRIETARY,"Santillana",0.89,PROCEDIMIENTO,GAL_PRI4_C1.1,PROPRIETARY,false,""
santillana-4-primaria-GALEGO_25,"Como se escribe: bai__o (baixo)",Lingua Galega,4º Primaria,Ortografía da Lingua Galega,X vs J,PROCEDIMIENTO,GAL_PRI4_C1.2,PROPRIETARY,"Santillana",0.89,PROCEDIMIENTO,GAL_PRI4_C1.2,PROPRIETARY,false,""
santillana-4-primaria-GALEGO_27,"Como se escribe ""niño"" en galego?",Lingua Galega,4º Primaria,Ortografía da Lingua Galega,Ñ en galego,PROCEDIMIENTO,GAL_PRI4_C1.2,PROPRIETARY,"Santillana",0.89,PROCEDIMIENTO,GAL_PRI4_C1.2,PROPRIETARY,false,""
santillana-4-primaria-GALEGO_31,"Escribe correctamente: ""manan"" (mañá)",Lingua Galega,4º Primaria,Ortografía da Lingua Galega,Til,PROCEDIMIENTO,GAL_PRI4_C1.2,PROPRIETARY,"Santillana",0.89,PROCEDIMIENTO,GAL_PRI4_C1.2,PROPRIETARY,false,""
santillana-4-primaria-GALEGO_32,"Escribe correctamente: ""vivo en santiago""",Lingua Galega,4º Primaria,Ortografía da Lingua Galega,Maiúsculas,PROCEDIMIENTO,GAL_PRI4_C1.2,PROPRIETARY,"Santillana",0.89,PROCEDIMIENTO,GAL_PRI4_C1.2,PROPRIETARY,false,""
santillana-4-primaria-GALEGO_33,"Escribe correctamente: ""Onde vives""",Lingua Galega,4º Primaria,Ortografía da Lingua Galega,Signos interrogación,PROCEDIMIENTO,GAL_PRI4_C1.2,PROPRIETARY,"Santillana",0.89,PROCEDIMIENTO,GAL_PRI4_C1.2,PROPRIETARY,false,""
santillana-4-primaria-GALEGO_34,"Como se escribe: __ola (bola) ou __ola (vola)?",Lingua Galega,4º Primaria,Ortografía da Lingua Galega,V ou B,PROCEDIMIENTO,GAL_PRI4_C1.2,PROPRIETARY,"Santillana",0.89,PROCEDIMIENTO,GAL_PRI4_C1.2,PROPRIETARY,false,""
santillana-4-primaria-GALEGO_35,"Como se escribe: __aia ou __aia (praia)?",Lingua Galega,4º Primaria,Ortografía da Lingua Galega,PL vs PR,PROCEDIMIENTO,GAL_PRI4_C1.2,PROPRIETARY,"Santillana",0.89,PROCEDIMIENTO,GAL_PRI4_C1.2,PROPRIETARY,false,""
santillana-4-primaria-GALEGO_52,"Describe en galego como es: alto, baixo, rubio...",Lingua Galega,4º Primaria,Redacción e Expresión en Galego,Describir,PROCEDIMIENTO,GAL_PRI4_C2.1,PROPRIETARY,"Santillana",0.89,PROCEDIMIENTO,GAL_PRI4_C2.1,PROPRIETARY,false,""
santillana-4-primaria-GALEGO_53,"Completa: ""Hoxe é luns, onte foi...""",Lingua Galega,4º Primaria,Redacción e Expresión en Galego,Contar o día,PROCEDIMIENTO,GAL_PRI4_C2.1,PROPRIETARY,"Santillana",0.89,PROCEDIMIENTO,GAL_PRI4_C2.1,PROPRIETARY,false,""
santillana-4-primaria-GALEGO_55,"Completa: ""Chámome..., teño... anos, vivo en...""",Lingua Galega,4º Primaria,Redacción e Expresión en Galego,Presentarse,PROCEDIMIENTO,GAL_PRI4_C2.1,PROPRIETARY,"Santillana",0.89,PROCEDIMIENTO,GAL_PRI4_C2.1,PROPRIETARY,false,""
santillana-4-primaria-GALEGO_58,"Como se escribe en letras ""23"" en galego?",Lingua Galega,4º Primaria,Redacción e Expresión en Galego,Números,PROCEDIMIENTO,GAL_PRI4_C2.1,PROPRIETARY,"Santillana",0.89,PROCEDIMIENTO,GAL_PRI4_C2.1,PROPRIETARY,false,""
santillana-4-primaria-LENGUA_12,"Escribe 3 palabras agudas con tilde",Lengua Castellana,4º Primaria,Lengua Castellana,Desafío,PROCEDIMIENTO,LEN_PRI4_C1.1,PROPRIETARY,"Santillana",0.89,PROCEDIMIENTO,LEN_PRI4_C1.1,PROPRIETARY,false,""
santillana-4-primaria-LENGUA_17,"Completa: Yo ____ (comer) una manzana",Lengua Castellana,4º Primaria,El Verbo - Tiempos Verbales,Conjugar presente,PROCEDIMIENTO,LEN_PRI4_C1.1,PROPRIETARY,"Santillana",0.89,PROCEDIMIENTO,LEN_PRI4_C1.1,PROPRIETARY,false,""
santillana-4-primaria-LENGUA_18,"Completa: Ayer yo ____ (comer) una manzana",Lengua Castellana,4º Primaria,El Verbo - Tiempos Verbales,Conjugar pasado,PROCEDIMIENTO,LEN_PRI4_C1.1,PROPRIETARY,"Santillana",0.89,PROCEDIMIENTO,LEN_PRI4_C1.1,PROPRIETARY,false,""
santillana-4-primaria-LENGUA_19,"Completa: Mañana yo ____ (comer) una manzana",Lengua Castellana,4º Primaria,El Verbo - Tiempos Verbales,Conjugar futuro,PROCEDIMIENTO,LEN_PRI4_C1.1,PROPRIETARY,"Santillana",0.89,PROCEDIMIENTO,LEN_PRI4_C1.1,PROPRIETARY,false,""
santillana-4-primaria-LENGUA_24,"¿Qué tienen en común: cantar, comer, vivir?",Lengua Castellana,4º Primaria,El Verbo - Tiempos Verbales,Problema,APLICACION,LEN_PRI4_C1.1,PROPRIETARY,"Santillana",0.89,APLICACION,LEN_PRI4_C1.1,PROPRIETARY,false,""
santillana-4-primaria-LENGUA_31,"Completa: ""La niña ____"" (alto/alta)",Lengua Castellana,4º Primaria,Sustantivos y Adjetivos,Concordancia,PROCEDIMIENTO,LEN_PRI4_C1.1,PROPRIETARY,"Santillana",0.89,PROCEDIMIENTO,LEN_PRI4_C1.1,PROPRIETARY,false,""
santillana-4-primaria-LENGUA_44,"Completa la oración: ""Los niños ____ en el parque""",Lengua Castellana,4º Primaria,La Oración Simple,Completar,PROCEDIMIENTO,LEN_PRI4_C1.1,PROPRIETARY,"Santillana",0.89,PROCEDIMIENTO,LEN_PRI4_C1.1,PROPRIETARY,false,""
santillana-4-primaria-LENGUA_59,"Escribe el inicio de un cuento",Lengua Castellana,4º Primaria,Tipos de Texto,Crear,PROCEDIMIENTO,LEN_PRI4_C2.2,PROPRIETARY,"Santillana",0.89,PROCEDIMIENTO,LEN_PRI4_C2.2,PROPRIETARY,false,""
santillana-4-primaria-MATES_2,"Completa: 5 × 7 = 7 × ?",Matemáticas,4º Primaria,Matemáticas,Aplicar,PROCEDIMIENTO,MAT_PRI4_C1.1,PROPRIETARY,"Santillana",0.89,PROCEDIMIENTO,MAT_PRI4_C1.1,PROPRIETARY,false,""
santillana-4-primaria-MATES_4,"Si 9 × 4 = 36, ¿cuánto es 4 × 9?",Matemáticas,4º Primaria,Matemáticas,Calcular,PROCEDIMIENTO,MAT_PRI4_C1.1,PROPRIETARY,"Santillana",0.89,PROCEDIMIENTO,MAT_PRI4_C1.1,PROPRIETARY,false,""
santillana-4-primaria-MATES_7,"Completa: 6 × 3 = 18, entonces 3 × 6 = ?",Matemáticas,4º Primaria,Matemáticas,Completar,PROCEDIMIENTO,MAT_PRI4_C1.1,PROPRIETARY,"Santillana",0.89,PROCEDIMIENTO,MAT_PRI4_C1.1,PROPRIETARY,false,""
santillana-4-primaria-MATES_8,"¿La suma también tiene propiedad conmutativa? Da un ejemplo",Matemáticas,4º Primaria,Matemáticas,Comparar propiedades,PROCEDIMIENTO,MAT_PRI4_C1.1,PROPRIETARY,"Santillana",0.89,PROCEDIMIENTO,MAT_PRI4_C1.1,PROPRIETARY,false,""
santillana-4-primaria-MATES_9,"En una estantería hay 4 filas con 6 libros cada una. Si reorganizas en 6 filas con 4 libros, ¿cambias la cantidad total?",Matemáticas,4º Primaria,Matemáticas,Problema,APLICACION,MAT_PRI4_C1.1,PROPRIETARY,"Santillana",0.89,APLICACION,MAT_PRI4_C1.1,PROPRIETARY,false,""
santillana-4-primaria-MATES_10,"¿La resta tiene propiedad conmutativa? Justifica con un ejemplo",Matemáticas,4º Primaria,Matemáticas,Error común,PROCEDIMIENTO,MAT_PRI4_C1.1,PROPRIETARY,"Santillana",0.89,PROCEDIMIENTO,MAT_PRI4_C1.1,PROPRIETARY,false,""
santillana-4-primaria-MATES_11,"¿Qué operaciones tienen propiedad conmutativa: suma, resta, multiplicación, división?",Matemáticas,4º Primaria,Matemáticas,Desafío,PROCEDIMIENTO,MAT_PRI4_C1.1,PROPRIETARY,"Santillana",0.89,PROCEDIMIENTO,MAT_PRI4_C1.1,PROPRIETARY,false,""
santillana-4-primaria-MATES_12,"Si sabes que 12 × 5 = 60, ¿cómo calculas 5 × 12 rápidamente?",Matemáticas,4º Primaria,Matemáticas,Aplicación,APLICACION,MAT_PRI4_C1.1,PROPRIETARY,"Santillana",0.89,APLICACION,MAT_PRI4_C1.1,PROPRIETARY,false,""
santillana-4-primaria-MATES_14,"Completa: (5 × 2) × 3 = 5 × (? × 3)",Matemáticas,4º Primaria,Propiedad Asociativa,Aplicar,PROCEDIMIENTO,MAT_PRI4_C1.1,PROPRIETARY,"Santillana",0.89,PROCEDIMIENTO,MAT_PRI4_C1.1,PROPRIETARY,false,""
santillana-4-primaria-MATES_15,"Calcula de la forma más fácil: 2 × 5 × 7",Matemáticas,4º Primaria,Propiedad Asociativa,Calcular fácil,PROCEDIMIENTO,MAT_PRI4_C1.1,PROPRIETARY,"Santillana",0.89,PROCEDIMIENTO,MAT_PRI4_C1.1,PROPRIETARY,false,""
santillana-4-primaria-MATES_17,"Hay 2 cajas. Cada caja tiene 4 paquetes. Cada paquete tiene 3 galletas. ¿Cuántas galletas hay en total?",Matemáticas,4º Primaria,Propiedad Asociativa,Problema,APLICACION,MAT_PRI4_C1.1,PROPRIETARY,"Santillana",0.89,APLICACION,MAT_PRI4_C1.1,PROPRIETARY,false,""
santillana-4-primaria-MATES_20,"¿Cómo calcularías 8 × 2 × 5 de forma más rápida?",Matemáticas,4º Primaria,Propiedad Asociativa,Mejor forma,PROCEDIMIENTO,MAT_PRI4_C1.1,PROPRIETARY,"Santillana",0.89,PROCEDIMIENTO,MAT_PRI4_C1.1,PROPRIETARY,false,""
santillana-4-primaria-MATES_21,"¿La suma también tiene propiedad asociativa? Ejemplo: (2 + 3) + 4",Matemáticas,4º Primaria,Propiedad Asociativa,Con suma,PROCEDIMIENTO,MAT_PRI4_C1.1,PROPRIETARY,"Santillana",0.89,PROCEDIMIENTO,MAT_PRI4_C1.1,PROPRIETARY,false,""
santillana-4-primaria-MATES_23,"¿La resta tiene propiedad asociativa? Prueba con (10 - 5) - 2 y 10 - (5 - 2)",Matemáticas,4º Primaria,Propiedad Asociativa,Error común,PROCEDIMIENTO,MAT_PRI4_C1.1,PROPRIETARY,"Santillana",0.89,PROCEDIMIENTO,MAT_PRI4_C1.1,PROPRIETARY,false,""
santillana-4-primaria-MATES_24,"Calcula de la forma más rápida: 25 × 4 × 3",Matemáticas,4º Primaria,Propiedad Asociativa,Desafío,PROCEDIMIENTO,MAT_PRI4_C1.1,PROPRIETARY,"Santillana",0.89,PROCEDIMIENTO,MAT_PRI4_C1.1,PROPRIETARY,false,""
santillana-4-primaria-MATES_27,"Calcula usando distributiva: 7 × (10 + 2)",Matemáticas,4º Primaria,Propiedad Distributiva,Calcular,PROCEDIMIENTO,MAT_PRI4_C1.1,PROPRIETARY,"Santillana",0.89,PROCEDIMIENTO,MAT_PRI4_C1.1,PROPRIETARY,false,""
santillana-4-primaria-MATES_28,"Para calcular 6 × 12, piensa en 12 como 10 + 2. ¿Cuánto es?",Matemáticas,4º Primaria,Propiedad Distributiva,Estrategia mental,PROCEDIMIENTO,MAT_PRI4_C1.1,PROPRIETARY,"Santillana",0.89,PROCEDIMIENTO,MAT_PRI4_C1.1,PROPRIETARY,false,""
santillana-4-primaria-MATES_29,"Compras 3 paquetes. Cada paquete tiene 5 chicles y 4 caramelos. ¿Cuántas golosinas tienes?",Matemáticas,4º Primaria,Propiedad Distributiva,Problema,APLICACION,MAT_PRI4_C1.1,PROPRIETARY,"Santillana",0.89,APLICACION,MAT_PRI4_C1.1,PROPRIETARY,false,""
santillana-4-primaria-MATES_30,"Calcula 8 × 15 pensando en 15 como 10 + 5",Matemáticas,4º Primaria,Propiedad Distributiva,Descomponer,PROCEDIMIENTO,MAT_PRI4_C1.1,PROPRIETARY,"Santillana",0.89,PROCEDIMIENTO,MAT_PRI4_C1.1,PROPRIETARY,false,""
santillana-4-primaria-MATES_33,"En 4 mesas hay 6 niños y 2 niñas en cada una. ¿Cuántos niños hay en total?",Matemáticas,4º Primaria,Propiedad Distributiva,Ejemplo real,PROCEDIMIENTO,MAT_PRI4_C1.1,PROPRIETARY,"Santillana",0.89,PROCEDIMIENTO,MAT_PRI4_C1.1,PROPRIETARY,false,""
santillana-4-primaria-MATES_34,"Para calcular 9 × 11, piensa en 11 como 10 + 1. ¿Resultado?",Matemáticas,4º Primaria,Propiedad Distributiva,Trucomental,PROCEDIMIENTO,MAT_PRI4_C1.1,PROPRIETARY,"Santillana",0.89,PROCEDIMIENTO,MAT_PRI4_C1.1,PROPRIETARY,false,""
santillana-4-primaria-MATES_35,"¿También funciona con resta? Calcula: 5 × (8 - 3)",Matemáticas,4º Primaria,Propiedad Distributiva,Con resta,PROCEDIMIENTO,MAT_PRI4_C1.1,PROPRIETARY,"Santillana",0.89,PROCEDIMIENTO,MAT_PRI4_C1.1,PROPRIETARY,false,""
santillana-4-primaria-MATES_36,"Usa distributiva para calcular 12 × 23",Matemáticas,4º Primaria,Propiedad Distributiva,Desafío,PROCEDIMIENTO,MAT_PRI4_C1.1,PROPRIETARY,"Santillana",0.89,PROCEDIMIENTO,MAT_PRI4_C1.1,PROPRIETARY,false,""
santillana-4-primaria-MATES_38,"Escribe en cifras: Treinta y dos mil quinientos cuarenta y uno",Matemáticas,4º Primaria,Números de 5 y 6 cifras,Escribir números,PROCEDIMIENTO,MAT_PRI4_C1.1,PROPRIETARY,"Santillana",0.89,PROCEDIMIENTO,MAT_PRI4_C1.1,PROPRIETARY,false,""
santillana-4-primaria-MATES_46,"Un estadio tiene 52.345 asientos. Hay 48.129 personas. ¿Cuántos asientos quedan libres?",Matemáticas,4º Primaria,Números de 5 y 6 cifras,Problema,APLICACION,MAT_PRI4_C1.1,PROPRIETARY,"Santillana",0.89,APLICACION,MAT_PRI4_C1.1,PROPRIETARY,false,""
santillana-4-primaria-MATES_50,"Escribe en cifras: Tres unidades y siete décimas",Matemáticas,4º Primaria,Números Decimales,Escribir decimales,PROCEDIMIENTO,MAT_PRI4_C1.3,PROPRIETARY,"Santillana",0.89,PROCEDIMIENTO,MAT_PRI4_C1.3,PROPRIETARY,false,""
santillana-4-primaria-MATES_55,"Calcula: 3,5 + 2,3",Matemáticas,4º Primaria,Números Decimales,Suma decimal,PROCEDIMIENTO,MAT_PRI4_C1.3,PROPRIETARY,"Santillana",0.89,PROCEDIMIENTO,MAT_PRI4_C1.3,PROPRIETARY,false,""
santillana-4-primaria-MATES_56,"Calcula: 5,9 - 2,4",Matemáticas,4º Primaria,Números Decimales,Resta decimal,PROCEDIMIENTO,MAT_PRI4_C1.3,PROPRIETARY,"Santillana",0.89,PROCEDIMIENTO,MAT_PRI4_C1.3,PROPRIETARY,false,""
santillana-4-primaria-MATES_57,"Compras pan por 1,50€ y leche por 0,85€. ¿Cuánto gastas?",Matemáticas,4º Primaria,Números Decimales,Problema dinero,APLICACION,MAT_PRI4_C1.3,PROPRIETARY,"Santillana",0.89,APLICACION,MAT_PRI4_C1.3,PROPRIETARY,false,""
santillana-4-primaria-MATES_58,"Mides 1,35 m. Tu hermano mide 1,28 m. ¿Cuánto más alto eres?",Matemáticas,4º Primaria,Números Decimales,Problema real,APLICACION,MAT_PRI4_C1.3,PROPRIETARY,"Santillana",0.89,APLICACION,MAT_PRI4_C1.3,PROPRIETARY,false,""
santillana-4-primaria-MATES_61,"¿Cuántos centímetros tiene 1 metro?",Matemáticas,4º Primaria,Medidas de Longitud,Unidades básicas,PROCEDIMIENTO,MAT_PRI4_C2.2,PROPRIETARY,"Santillana",0.89,PROCEDIMIENTO,MAT_PRI4_C2.2,PROPRIETARY,false,""
santillana-4-primaria-MATES_62,"¿Cuántos centímetros son 3 metros?",Matemáticas,4º Primaria,Medidas de Longitud,Conversión m a cm,PROCEDIMIENTO,MAT_PRI4_C2.2,PROPRIETARY,"Santillana",0.89,PROCEDIMIENTO,MAT_PRI4_C2.2,PROPRIETARY,false,""
santillana-4-primaria-MATES_63,"¿Cuántos metros son 250 cm?",Matemáticas,4º Primaria,Medidas de Longitud,Conversión cm a m,PROCEDIMIENTO,MAT_PRI4_C2.2,PROPRIETARY,"Santillana",0.89,PROCEDIMIENTO,MAT_PRI4_C2.2,PROPRIETARY,false,""
santillana-4-primaria-MATES_64,"¿Cuántos metros tiene 1 kilómetro?",Matemáticas,4º Primaria,Medidas de Longitud,Kilómetro,PROCEDIMIENTO,MAT_PRI4_C2.2,PROPRIETARY,"Santillana",0.89,PROCEDIMIENTO,MAT_PRI4_C2.2,PROPRIETARY,false,""
santillana-4-primaria-MATES_65,"Suma: 2 m y 35 cm + 1 m y 50 cm",Matemáticas,4º Primaria,Medidas de Longitud,Sumar medidas,PROCEDIMIENTO,MAT_PRI4_C2.2,PROPRIETARY,"Santillana",0.89,PROCEDIMIENTO,MAT_PRI4_C2.2,PROPRIETARY,false,""
santillana-4-primaria-MATES_66,"Resta: 5 m - 2 m y 40 cm",Matemáticas,4º Primaria,Medidas de Longitud,Restar medidas,PROCEDIMIENTO,MAT_PRI4_C2.2,PROPRIETARY,"Santillana",0.89,PROCEDIMIENTO,MAT_PRI4_C2.2,PROPRIETARY,false,""
santillana-4-primaria-MATES_67,"Tu clase mide 8 m de largo. ¿Cuántos centímetros es?",Matemáticas,4º Primaria,Medidas de Longitud,Problema real,APLICACION,MAT_PRI4_C2.2,PROPRIETARY,"Santillana",0.89,APLICACION,MAT_PRI4_C2.2,PROPRIETARY,false,""
santillana-4-primaria-MATES_69,"Caminas 500 m para ir al cole y 500 m de vuelta. ¿Cuántos km andas en total?",Matemáticas,4º Primaria,Medidas de Longitud,Problema distancia,APLICACION,MAT_PRI4_C2.2,PROPRIETARY,"Santillana",0.89,APLICACION,MAT_PRI4_C2.2,PROPRIETARY,false,""
santillana-4-primaria-MATES_70,"¿Cuántos milímetros tiene 1 centímetro?",Matemáticas,4º Primaria,Medidas de Longitud,Milímetro,PROCEDIMIENTO,MAT_PRI4_C2.2,PROPRIETARY,"Santillana",0.89,PROCEDIMIENTO,MAT_PRI4_C2.2,PROPRIETARY,false,""
santillana-4-primaria-MATES_72,"Tu lápiz mide 15 cm. ¿Cuántos lápices iguales necesitas para hacer 1 metro?",Matemáticas,4º Primaria,Medidas de Longitud,Desafío,PROCEDIMIENTO,MAT_PRI4_C2.2,PROPRIETARY,"Santillana",0.89,PROCEDIMIENTO,MAT_PRI4_C2.2,PROPRIETARY,false,""
santillana-4-primaria-MATES_73,"¿Cuántos minutos tiene 1 hora?",Matemáticas,4º Primaria,Medidas de Tiempo,Horas y minutos,PROCEDIMIENTO,MAT_PRI4_C2.3,PROPRIETARY,"Santillana",0.89,PROCEDIMIENTO,MAT_PRI4_C2.3,PROPRIETARY,false,""
santillana-4-primaria-MATES_75,"Si el reloj marca las 3:45, ¿cuántos minutos faltan para las 4?",Matemáticas,4º Primaria,Medidas de Tiempo,Leer reloj,PROCEDIMIENTO,MAT_PRI4_C2.3,PROPRIETARY,"Santillana",0.89,PROCEDIMIENTO,MAT_PRI4_C2.3,PROPRIETARY,false,""
santillana-4-primaria-MATES_79,"¿Cuántos días tienen 2 semanas?",Matemáticas,4º Primaria,Medidas de Tiempo,Semanas,PROCEDIMIENTO,MAT_PRI4_C2.3,PROPRIETARY,"Santillana",0.89,PROCEDIMIENTO,MAT_PRI4_C2.3,PROPRIETARY,false,""
santillana-4-primaria-MATES_80,"Tu cumpleaños es en 10 días. ¿Cuántas semanas y días faltan?",Matemáticas,4º Primaria,Medidas de Tiempo,Problema,APLICACION,MAT_PRI4_C2.3,PROPRIETARY,"Santillana",0.89,APLICACION,MAT_PRI4_C2.3,PROPRIETARY,false,""
santillana-4-primaria-MATES_82,"Sales de casa a las 8:15 y llegas al cole a las 8:40. ¿Cuántos minutos tardaste?",Matemáticas,4º Primaria,Medidas de Tiempo,Calcular duración,PROCEDIMIENTO,MAT_PRI4_C2.3,PROPRIETARY,"Santillana",0.89,PROCEDIMIENTO,MAT_PRI4_C2.3,PROPRIETARY,false,""
santillana-4-primaria-MATES_83,"¿Cuántos segundos tiene 1 minuto?",Matemáticas,4º Primaria,Medidas de Tiempo,Segundos,PROCEDIMIENTO,MAT_PRI4_C2.3,PROPRIETARY,"Santillana",0.89,PROCEDIMIENTO,MAT_PRI4_C2.3,PROPRIETARY,false,""
santillana-4-primaria-MATES_87,"¿Cuántos grados tiene un ángulo recto?",Matemáticas,4º Primaria,Ángulos,Ángulo recto,PROCEDIMIENTO,MAT_PRI4_C2.1,PROPRIETARY,"Santillana",0.89,PROCEDIMIENTO,MAT_PRI4_C2.1,PROPRIETARY,false,""
santillana-4-primaria-MATES_93,"¿Cuántos grados tiene un giro completo?",Matemáticas,4º Primaria,Ángulos,Circulo completo,PROCEDIMIENTO,MAT_PRI4_C2.1,PROPRIETARY,"Santillana",0.89,PROCEDIMIENTO,MAT_PRI4_C2.1,PROPRIETARY,false,""
santillana-4-primaria-MATES_94,"Si das media vuelta, ¿cuántos grados giras?",Matemáticas,4º Primaria,Ángulos,Problema,APLICACION,MAT_PRI4_C2.1,PROPRIETARY,"Santillana",0.89,APLICACION,MAT_PRI4_C2.1,PROPRIETARY,false,""
santillana-4-primaria-MATES_96,"¿Cuántos ángulos rectos caben en un giro completo?",Matemáticas,4º Primaria,Ángulos,Desafío,PROCEDIMIENTO,MAT_PRI4_C2.1,PROPRIETARY,"Santillana",0.89,PROCEDIMIENTO,MAT_PRI4_C2.1,PROPRIETARY,false,""
santillana-4-primaria-NATURALES_12,"Si una planta no tiene luz, ¿qué le pasa?",Ciencias Naturales,4º Primaria,Ciencias de la Naturaleza,Problema,APLICACION,NAT_PRI4_C1.1,PROPRIETARY,"Santillana",0.89,APLICACION,NAT_PRI4_C1.1,PROPRIETARY,false,""
santillana-4-primaria-NATURALES_34,"¿Cuántos brazos tiene una estrella de mar normalmente?",Ciencias Naturales,4º Primaria,Los Animales Invertebrados,Estrella de mar,PROCEDIMIENTO,NAT_PRI4_C1.1,PROPRIETARY,"Santillana",0.89,PROCEDIMIENTO,NAT_PRI4_C1.1,PROPRIETARY,false,""
santillana-4-primaria-NATURALES_60,"¿Por qué debemos usar energías renovables?",Ciencias Naturales,4º Primaria,La Energía,Problema,APLICACION,NAT_PRI4_C2.2,PROPRIETARY,"Santillana",0.89,APLICACION,NAT_PRI4_C2.2,PROPRIETARY,false,""
santillana-4-primaria-SOCIALES_24,"¿Dónde llueve más: en Galicia o en Almería?",Ciencias Sociales,4º Primaria,El Clima de España,Aplicación,APLICACION,SOC_PRI4_C1.1,PROPRIETARY,"Santillana",0.89,APLICACION,SOC_PRI4_C1.1,PROPRIETARY,false,""
santillana-4-primaria-SOCIALES_72,"¿Cuánto tiempo estuvieron los musulmanes en España?",Ciencias Sociales,4º Primaria,La Edad Media en España,Desafío,PROCEDIMIENTO,SOC_PRI4_C2.1,PROPRIETARY,"Santillana",0.89,PROCEDIMIENTO,SOC_PRI4_C2.1,PROPRIETARY,false,""
quinto-primaria-matematicas_1,"¿Qué representa el número 3.45?",Matemáticas,5º Primaria,Matemáticas,Concepto,CONCEPTO,MAT_PRI5_C1.1,PROPRIETARY,"Creación propia - EduAnalytics",0.9,CONCEPTO,MAT_PRI5_C1.1,PROPRIETARY,false,""
quinto-primaria-matematicas_11,"¿Qué significa 50%?",Matemáticas,5º Primaria,Porcentajes,Concepto,CONCEPTO,MAT_PRI5_C1.2,PROPRIETARY,"Creación propia - EduAnalytics",0.9,CONCEPTO,MAT_PRI5_C1.2,PROPRIETARY,false,""
quinto-primaria-naturales_31,"¿Qué es la materia?",Ciencias Naturales,5º Primaria,La materia,Concepto,CONCEPTO,NAT_PRI5_C2.1,PROPRIETARY,"Creación propia - EduAnalytics",0.9,CONCEPTO,NAT_PRI5_C2.1,PROPRIETARY,false,""
quinto-primaria-naturales_41,"¿Qué es la energía?",Ciencias Naturales,5º Primaria,La energía,Concepto,CONCEPTO,NAT_PRI5_C2.2,PROPRIETARY,"Creación propia - EduAnalytics",0.9,CONCEPTO,NAT_PRI5_C2.2,PROPRIETARY,false,""
santillana-4-primaria-GALEGO_3,"Se o gato é xogón, significa que lle gusta...",Lingua Galega,4º Primaria,Lingua Galega,Inferencia,CONCEPTO,GAL_PRI4_C1.1,PROPRIETARY,"Santillana",0.9,CONCEPTO,GAL_PRI4_C1.1,PROPRIETARY,false,""
santillana-4-primaria-GALEGO_4,"En ""o neno está contento"", que palabra significa o mesmo que contento?",Lingua Galega,4º Primaria,Lingua Galega,Sinónimos,CONCEPTO,GAL_PRI4_C1.1,PROPRIETARY,"Santillana",0.9,CONCEPTO,GAL_PRI4_C1.1,PROPRIETARY,false,""
santillana-4-primaria-LENGUA_20,"¿Cuál es el verbo en ""María estudia mucho""?",Lengua Castellana,4º Primaria,El Verbo - Tiempos Verbales,Identificar,CONCEPTO,LEN_PRI4_C1.1,PROPRIETARY,"Santillana",0.9,CONCEPTO,LEN_PRI4_C1.1,PROPRIETARY,false,""
santillana-4-primaria-LENGUA_21,"¿Cuál es el infinitivo de ""corremos""?",Lengua Castellana,4º Primaria,El Verbo - Tiempos Verbales,Infinitivo,CONCEPTO,LEN_PRI4_C1.1,PROPRIETARY,"Santillana",0.9,CONCEPTO,LEN_PRI4_C1.1,PROPRIETARY,false,""
santillana-4-primaria-LENGUA_27,"En ""El perro grande"", ¿cuál es el sustantivo?",Lengua Castellana,4º Primaria,Sustantivos y Adjetivos,Identificar sustantivo,CONCEPTO,LEN_PRI4_C1.1,PROPRIETARY,"Santillana",0.9,CONCEPTO,LEN_PRI4_C1.1,PROPRIETARY,false,""
santillana-4-primaria-LENGUA_28,"En ""El perro grande"", ¿cuál es el adjetivo?",Lengua Castellana,4º Primaria,Sustantivos y Adjetivos,Identificar adjetivo,CONCEPTO,LEN_PRI4_C1.1,PROPRIETARY,"Santillana",0.9,CONCEPTO,LEN_PRI4_C1.1,PROPRIETARY,false,""
santillana-4-primaria-LENGUA_34,"¿Cuál es el plural de ""pez""?",Lengua Castellana,4º Primaria,Sustantivos y Adjetivos,Plural,CONCEPTO,LEN_PRI4_C1.1,PROPRIETARY,"Santillana",0.9,CONCEPTO,LEN_PRI4_C1.1,PROPRIETARY,false,""
santillana-4-primaria-LENGUA_35,"¿Cuál es el femenino de ""gato""?",Lengua Castellana,4º Primaria,Sustantivos y Adjetivos,Femenino,CONCEPTO,LEN_PRI4_C1.1,PROPRIETARY,"Santillana",0.9,CONCEPTO,LEN_PRI4_C1.1,PROPRIETARY,false,""
santillana-4-primaria-LENGUA_36,"En ""Los libros interesantes"", identifica sustantivo y adjetivo",Lengua Castellana,4º Primaria,Sustantivos y Adjetivos,Desafío,CONCEPTO,LEN_PRI4_C1.1,PROPRIETARY,"Santillana",0.9,CONCEPTO,LEN_PRI4_C1.1,PROPRIETARY,false,""
santillana-4-primaria-LENGUA_38,"¿Qué es el sujeto de una oración?",Lengua Castellana,4º Primaria,La Oración Simple,Sujeto,CONCEPTO,LEN_PRI4_C1.1,PROPRIETARY,"Santillana",0.9,CONCEPTO,LEN_PRI4_C1.1,PROPRIETARY,false,""
santillana-4-primaria-LENGUA_39,"¿Qué es el predicado?",Lengua Castellana,4º Primaria,La Oración Simple,Predicado,CONCEPTO,LEN_PRI4_C1.1,PROPRIETARY,"Santillana",0.9,CONCEPTO,LEN_PRI4_C1.1,PROPRIETARY,false,""
santillana-4-primaria-LENGUA_41,"En ""María estudia mucho"", ¿cuál es el predicado?",Lengua Castellana,4º Primaria,La Oración Simple,Identificar predicado,CONCEPTO,LEN_PRI4_C1.1,PROPRIETARY,"Santillana",0.9,CONCEPTO,LEN_PRI4_C1.1,PROPRIETARY,false,""
santillana-4-primaria-LENGUA_42,"En ""El perro grande"", ¿cuál es el núcleo del sujeto?",Lengua Castellana,4º Primaria,La Oración Simple,Núcleo del sujeto,CONCEPTO,LEN_PRI4_C1.1,PROPRIETARY,"Santillana",0.9,CONCEPTO,LEN_PRI4_C1.1,PROPRIETARY,false,""
santillana-4-primaria-LENGUA_43,"En ""corre rápidamente"", ¿cuál es el núcleo del predicado?",Lengua Castellana,4º Primaria,La Oración Simple,Núcleo del predicado,CONCEPTO,LEN_PRI4_C1.1,PROPRIETARY,"Santillana",0.9,CONCEPTO,LEN_PRI4_C1.1,PROPRIETARY,false,""
santillana-4-primaria-LENGUA_49,"¿Qué es un texto narrativo?",Lengua Castellana,4º Primaria,Tipos de Texto,Texto narrativo,CONCEPTO,LEN_PRI4_C2.2,PROPRIETARY,"Santillana",0.9,CONCEPTO,LEN_PRI4_C2.2,PROPRIETARY,false,""
santillana-4-primaria-LENGUA_50,"¿Qué es un texto descriptivo?",Lengua Castellana,4º Primaria,Tipos de Texto,Texto descriptivo,CONCEPTO,LEN_PRI4_C2.2,PROPRIETARY,"Santillana",0.9,CONCEPTO,LEN_PRI4_C2.2,PROPRIETARY,false,""
santillana-4-primaria-LENGUA_51,"¿Qué es un texto instructivo?",Lengua Castellana,4º Primaria,Tipos de Texto,Texto instructivo,CONCEPTO,LEN_PRI4_C2.2,PROPRIETARY,"Santillana",0.9,CONCEPTO,LEN_PRI4_C2.2,PROPRIETARY,false,""
santillana-4-primaria-LENGUA_52,"¿Qué es un texto informativo?",Lengua Castellana,4º Primaria,Tipos de Texto,Texto informativo,CONCEPTO,LEN_PRI4_C2.2,PROPRIETARY,"Santillana",0.9,CONCEPTO,LEN_PRI4_C2.2,PROPRIETARY,false,""
santillana-4-primaria-MATES_16,"Para calcular 4 × 3 × 5, ¿qué es más fácil: (4 × 3) × 5 o 4 × (3 × 5)?",Matemáticas,4º Primaria,Propiedad Asociativa,Estrategia,CONCEPTO,MAT_PRI4_C1.1,PROPRIETARY,"Santillana",0.9,CONCEPTO,MAT_PRI4_C1.1,PROPRIETARY,false,""
santillana-4-primaria-MATES_22,"¿Cuál es más fácil: (7 × 2) × 5 o 7 × (2 × 5)?",Matemáticas,4º Primaria,Propiedad Asociativa,Comparar,CONCEPTO,MAT_PRI4_C1.1,PROPRIETARY,"Santillana",0.9,CONCEPTO,MAT_PRI4_C1.1,PROPRIETARY,false,""
santillana-4-primaria-MATES_32,"Si (6 × 7) + (6 × 3) = 60, ¿a qué es igual usando distributiva?",Matemáticas,4º Primaria,Propiedad Distributiva,Al revés,CONCEPTO,MAT_PRI4_C1.1,PROPRIETARY,"Santillana",0.9,CONCEPTO,MAT_PRI4_C1.1,PROPRIETARY,false,""
santillana-4-primaria-MATES_42,"¿Cuál es mayor: 45.678 o 54.876?",Matemáticas,4º Primaria,Números de 5 y 6 cifras,Comparar,CONCEPTO,MAT_PRI4_C1.1,PROPRIETARY,"Santillana",0.9,CONCEPTO,MAT_PRI4_C1.1,PROPRIETARY,false,""
santillana-4-primaria-MATES_53,"¿Qué es mayor: 3,7 o 3,5?",Matemáticas,4º Primaria,Números Decimales,Comparar,CONCEPTO,MAT_PRI4_C1.3,PROPRIETARY,"Santillana",0.9,CONCEPTO,MAT_PRI4_C1.3,PROPRIETARY,false,""
santillana-4-primaria-MATES_68,"¿Qué es mayor: 3 m o 250 cm?",Matemáticas,4º Primaria,Medidas de Longitud,Comparar,CONCEPTO,MAT_PRI4_C2.2,PROPRIETARY,"Santillana",0.9,CONCEPTO,MAT_PRI4_C2.2,PROPRIETARY,false,""
santillana-4-primaria-MATES_81,"¿Qué es más: 90 minutos o 1 hora?",Matemáticas,4º Primaria,Medidas de Tiempo,Comparar,CONCEPTO,MAT_PRI4_C2.3,PROPRIETARY,"Santillana",0.9,CONCEPTO,MAT_PRI4_C2.3,PROPRIETARY,false,""
santillana-4-primaria-NATURALES_36,"¿Qué es una abeja: vertebrado o invertebrado?",Ciencias Naturales,4º Primaria,Los Animales Invertebrados,Clasificar,CONCEPTO,NAT_PRI4_C1.1,PROPRIETARY,"Santillana",0.9,CONCEPTO,NAT_PRI4_C1.1,PROPRIETARY,false,""
santillana-4-primaria-NATURALES_40,"¿Qué es una cadena alimentaria?",Ciencias Naturales,4º Primaria,Los Ecosistemas,Cadena alimentaria,CONCEPTO,NAT_PRI4_C1.3,PROPRIETARY,"Santillana",0.9,CONCEPTO,NAT_PRI4_C1.3,PROPRIETARY,false,""
santillana-4-primaria-NATURALES_63,"¿Qué es una máquina compleja?",Ciencias Naturales,4º Primaria,Las Máquinas,Complejas,CONCEPTO,NAT_PRI4_C2.3,PROPRIETARY,"Santillana",0.9,CONCEPTO,NAT_PRI4_C2.3,PROPRIETARY,false,""
santillana-4-primaria-NATURALES_64,"¿Qué es una palanca?",Ciencias Naturales,4º Primaria,Las Máquinas,Palanca,CONCEPTO,NAT_PRI4_C2.3,PROPRIETARY,"Santillana",0.9,CONCEPTO,NAT_PRI4_C2.3,PROPRIETARY,false,""
santillana-4-primaria-NATURALES_67,"¿Qué es un plano inclinado?",Ciencias Naturales,4º Primaria,Las Máquinas,Plano inclinado,CONCEPTO,NAT_PRI4_C2.3,PROPRIETARY,"Santillana",0.9,CONCEPTO,NAT_PRI4_C2.3,PROPRIETARY,false,""
santillana-4-primaria-SOCIALES_1,"¿Qué es la Meseta Central?",Ciencias Sociales,4º Primaria,Ciencias Sociales,Meseta,CONCEPTO,SOC_PRI4_C1.1,PROPRIETARY,"Santillana",0.9,CONCEPTO,SOC_PRI4_C1.1,PROPRIETARY,false,""
santillana-4-primaria-SOCIALES_3,"¿Cuál es la montaña más alta de España?",Ciencias Sociales,4º Primaria,Ciencias Sociales,Pico más alto,CONCEPTO,SOC_PRI4_C1.1,PROPRIETARY,"Santillana",0.9,CONCEPTO,SOC_PRI4_C1.1,PROPRIETARY,false,""
santillana-4-primaria-SOCIALES_6,"¿Qué es una vertiente?",Ciencias Sociales,4º Primaria,Ciencias Sociales,Vertiente,CONCEPTO,SOC_PRI4_C1.1,PROPRIETARY,"Santillana",0.9,CONCEPTO,SOC_PRI4_C1.1,PROPRIETARY,false,""
santillana-4-primaria-SOCIALES_8,"¿Qué es un cabo?",Ciencias Sociales,4º Primaria,Ciencias Sociales,Cabo,CONCEPTO,SOC_PRI4_C1.1,PROPRIETARY,"Santillana",0.9,CONCEPTO,SOC_PRI4_C1.1,PROPRIETARY,false,""
santillana-4-primaria-SOCIALES_9,"¿Qué es un golfo?",Ciencias Sociales,4º Primaria,Ciencias Sociales,Golfo,CONCEPTO,SOC_PRI4_C1.1,PROPRIETARY,"Santillana",0.9,CONCEPTO,SOC_PRI4_C1.1,PROPRIETARY,false,""
santillana-4-primaria-SOCIALES_10,"¿Qué es la desembocadura de un río?",Ciencias Sociales,4º Primaria,Ciencias Sociales,Desembocadura,CONCEPTO,SOC_PRI4_C1.1,PROPRIETARY,"Santillana",0.9,CONCEPTO,SOC_PRI4_C1.1,PROPRIETARY,false,""
santillana-4-primaria-SOCIALES_11,"¿Qué es un afluente?",Ciencias Sociales,4º Primaria,Ciencias Sociales,Afluente,CONCEPTO,SOC_PRI4_C1.1,PROPRIETARY,"Santillana",0.9,CONCEPTO,SOC_PRI4_C1.1,PROPRIETARY,false,""
santillana-4-primaria-SOCIALES_25,"¿Qué es la población?",Ciencias Sociales,4º Primaria,La Población de España,Población,CONCEPTO,SOC_PRI4_C1.2,PROPRIETARY,"Santillana",0.9,CONCEPTO,SOC_PRI4_C1.2,PROPRIETARY,false,""
santillana-4-primaria-SOCIALES_26,"¿Qué es un censo?",Ciencias Sociales,4º Primaria,La Población de España,Censo,CONCEPTO,SOC_PRI4_C1.2,PROPRIETARY,"Santillana",0.9,CONCEPTO,SOC_PRI4_C1.2,PROPRIETARY,false,""
santillana-4-primaria-SOCIALES_27,"¿Qué es la densidad de población?",Ciencias Sociales,4º Primaria,La Población de España,Densidad,CONCEPTO,SOC_PRI4_C1.2,PROPRIETARY,"Santillana",0.9,CONCEPTO,SOC_PRI4_C1.2,PROPRIETARY,false,""
santillana-4-primaria-SOCIALES_28,"¿Qué es una zona rural?",Ciencias Sociales,4º Primaria,La Población de España,Rural,CONCEPTO,SOC_PRI4_C1.2,PROPRIETARY,"Santillana",0.9,CONCEPTO,SOC_PRI4_C1.2,PROPRIETARY,false,""
santillana-4-primaria-SOCIALES_29,"¿Qué es una zona urbana?",Ciencias Sociales,4º Primaria,La Población de España,Urbana,CONCEPTO,SOC_PRI4_C1.2,PROPRIETARY,"Santillana",0.9,CONCEPTO,SOC_PRI4_C1.2,PROPRIETARY,false,""
santillana-4-primaria-SOCIALES_30,"¿Qué es emigrar?",Ciencias Sociales,4º Primaria,La Población de España,Emigración,CONCEPTO,SOC_PRI4_C1.2,PROPRIETARY,"Santillana",0.9,CONCEPTO,SOC_PRI4_C1.2,PROPRIETARY,false,""
santillana-4-primaria-SOCIALES_31,"¿Qué es inmigrar?",Ciencias Sociales,4º Primaria,La Población de España,Inmigración,CONCEPTO,SOC_PRI4_C1.2,PROPRIETARY,"Santillana",0.9,CONCEPTO,SOC_PRI4_C1.2,PROPRIETARY,false,""
santillana-4-primaria-SOCIALES_32,"¿Qué es la natalidad?",Ciencias Sociales,4º Primaria,La Población de España,Natalidad,CONCEPTO,SOC_PRI4_C1.2,PROPRIETARY,"Santillana",0.9,CONCEPTO,SOC_PRI4_C1.2,PROPRIETARY,false,""
santillana-4-primaria-SOCIALES_33,"¿Qué es la mortalidad?",Ciencias Sociales,4º Primaria,La Población de España,Mortalidad,CONCEPTO,SOC_PRI4_C1.2,PROPRIETARY,"Santillana",0.9,CONCEPTO,SOC_PRI4_C1.2,PROPRIETARY,false,""
santillana-4-primaria-SOCIALES_36,"¿Cuál es la capital de España?",Ciencias Sociales,4º Primaria,La Población de España,Capital,CONCEPTO,SOC_PRI4_C1.2,PROPRIETARY,"Santillana",0.9,CONCEPTO,SOC_PRI4_C1.2,PROPRIETARY,false,""
santillana-4-primaria-SOCIALES_38,"¿Qué es el sector primario?",Ciencias Sociales,4º Primaria,Los Sectores Económicos,Primario,CONCEPTO,SOC_PRI4_C3.1,PROPRIETARY,"Santillana",0.9,CONCEPTO,SOC_PRI4_C3.1,PROPRIETARY,false,""
santillana-4-primaria-SOCIALES_39,"¿Qué es el sector secundario?",Ciencias Sociales,4º Primaria,Los Sectores Económicos,Secundario,CONCEPTO,SOC_PRI4_C3.1,PROPRIETARY,"Santillana",0.9,CONCEPTO,SOC_PRI4_C3.1,PROPRIETARY,false,""
santillana-4-primaria-SOCIALES_40,"¿Qué es el sector terciario?",Ciencias Sociales,4º Primaria,Los Sectores Económicos,Terciario,CONCEPTO,SOC_PRI4_C3.1,PROPRIETARY,"Santillana",0.9,CONCEPTO,SOC_PRI4_C3.1,PROPRIETARY,false,""
santillana-4-primaria-SOCIALES_41,"¿Qué es la agricultura?",Ciencias Sociales,4º Primaria,Los Sectores Económicos,Agricultura,CONCEPTO,SOC_PRI4_C3.1,PROPRIETARY,"Santillana",0.9,CONCEPTO,SOC_PRI4_C3.1,PROPRIETARY,false,""
santillana-4-primaria-SOCIALES_42,"¿Qué es la ganadería?",Ciencias Sociales,4º Primaria,Los Sectores Económicos,Ganadería,CONCEPTO,SOC_PRI4_C3.1,PROPRIETARY,"Santillana",0.9,CONCEPTO,SOC_PRI4_C3.1,PROPRIETARY,false,""
santillana-4-primaria-SOCIALES_43,"¿Qué es la pesca?",Ciencias Sociales,4º Primaria,Los Sectores Económicos,Pesca,CONCEPTO,SOC_PRI4_C3.1,PROPRIETARY,"Santillana",0.9,CONCEPTO,SOC_PRI4_C3.1,PROPRIETARY,false,""
santillana-4-primaria-SOCIALES_45,"¿Por qué España recibe muchos turistas?",Ciencias Sociales,4º Primaria,Los Sectores Económicos,Turismo,CONCEPTO,SOC_PRI4_C3.1,PROPRIETARY,"Santillana",0.9,CONCEPTO,SOC_PRI4_C3.1,PROPRIETARY,false,""
santillana-4-primaria-SOCIALES_50,"¿Qué es la Prehistoria?",Ciencias Sociales,4º Primaria,La Historia: Prehistoria y Edad Antigua,Prehistoria,CONCEPTO,SOC_PRI4_C2.1,PROPRIETARY,"Santillana",0.9,CONCEPTO,SOC_PRI4_C2.1,PROPRIETARY,false,""
santillana-4-primaria-INGLES_1,"What is the Present Simple?",Inglés,4º Primaria,Inglés,Concepto,CONCEPTO,ING_PRI4_C1.1,PROPRIETARY,"Santillana",0.91,CONCEPTO,ING_PRI4_C1.1,PROPRIETARY,false,""
santillana-4-primaria-INGLES_10,"What is the Present Continuous?",Inglés,4º Primaria,Present Continuous,Concepto,CONCEPTO,ING_PRI4_C1.2,PROPRIETARY,"Santillana",0.91,CONCEPTO,ING_PRI4_C1.2,PROPRIETARY,false,""
santillana-4-primaria-LENGUA_1,"¿Qué son las palabras agudas?",Lengua Castellana,4º Primaria,Lengua Castellana,Concepto agudas,CONCEPTO,LEN_PRI4_C1.1,PROPRIETARY,"Santillana",0.91,CONCEPTO,LEN_PRI4_C1.1,PROPRIETARY,false,""
santillana-4-primaria-LENGUA_4,"¿Qué son las palabras llanas?",Lengua Castellana,4º Primaria,Lengua Castellana,Concepto llanas,CONCEPTO,LEN_PRI4_C1.1,PROPRIETARY,"Santillana",0.91,CONCEPTO,LEN_PRI4_C1.1,PROPRIETARY,false,""
santillana-4-primaria-LENGUA_7,"¿Qué son las palabras esdrújulas?",Lengua Castellana,4º Primaria,Lengua Castellana,Concepto esdrújulas,CONCEPTO,LEN_PRI4_C1.1,PROPRIETARY,"Santillana",0.91,CONCEPTO,LEN_PRI4_C1.1,PROPRIETARY,false,""
santillana-4-primaria-LENGUA_13,"¿Qué es un verbo?",Lengua Castellana,4º Primaria,El Verbo - Tiempos Verbales,Concepto verbo,CONCEPTO,LEN_PRI4_C1.1,PROPRIETARY,"Santillana",0.91,CONCEPTO,LEN_PRI4_C1.1,PROPRIETARY,false,""
santillana-4-primaria-LENGUA_25,"¿Qué es un sustantivo?",Lengua Castellana,4º Primaria,Sustantivos y Adjetivos,Concepto sustantivo,CONCEPTO,LEN_PRI4_C1.1,PROPRIETARY,"Santillana",0.91,CONCEPTO,LEN_PRI4_C1.1,PROPRIETARY,false,""
santillana-4-primaria-LENGUA_26,"¿Qué es un adjetivo?",Lengua Castellana,4º Primaria,Sustantivos y Adjetivos,Concepto adjetivo,CONCEPTO,LEN_PRI4_C1.1,PROPRIETARY,"Santillana",0.91,CONCEPTO,LEN_PRI4_C1.1,PROPRIETARY,false,""
santillana-4-primaria-LENGUA_37,"¿Qué es una oración?",Lengua Castellana,4º Primaria,La Oración Simple,Concepto,CONCEPTO,LEN_PRI4_C1.1,PROPRIETARY,"Santillana",0.91,CONCEPTO,LEN_PRI4_C1.1,PROPRIETARY,false,""
santillana-4-primaria-MATES_1,"¿Qué dice la propiedad conmutativa de la multiplicación?",Matemáticas,4º Primaria,Matemáticas,Concepto,CONCEPTO,MAT_PRI4_C1.1,PROPRIETARY,"Santillana",0.91,CONCEPTO,MAT_PRI4_C1.1,PROPRIETARY,false,""
santillana-4-primaria-MATES_13,"¿Qué dice la propiedad asociativa?",Matemáticas,4º Primaria,Propiedad Asociativa,Concepto,CONCEPTO,MAT_PRI4_C1.1,PROPRIETARY,"Santillana",0.91,CONCEPTO,MAT_PRI4_C1.1,PROPRIETARY,false,""
santillana-4-primaria-MATES_25,"¿Qué dice la propiedad distributiva?",Matemáticas,4º Primaria,Propiedad Distributiva,Concepto,CONCEPTO,MAT_PRI4_C1.1,PROPRIETARY,"Santillana",0.91,CONCEPTO,MAT_PRI4_C1.1,PROPRIETARY,false,""
santillana-4-primaria-MATES_85,"¿Qué es un ángulo?",Matemáticas,4º Primaria,Ángulos,Concepto,CONCEPTO,MAT_PRI4_C2.1,PROPRIETARY,"Santillana",0.91,CONCEPTO,MAT_PRI4_C2.1,PROPRIETARY,false,""
santillana-4-primaria-NATURALES_13,"¿Qué son los animales vertebrados?",Ciencias Naturales,4º Primaria,Los Animales Vertebrados,Concepto,CONCEPTO,NAT_PRI4_C1.1,PROPRIETARY,"Santillana",0.91,CONCEPTO,NAT_PRI4_C1.1,PROPRIETARY,false,""
santillana-4-primaria-NATURALES_25,"¿Qué son los animales invertebrados?",Ciencias Naturales,4º Primaria,Los Animales Invertebrados,Concepto,CONCEPTO,NAT_PRI4_C1.1,PROPRIETARY,"Santillana",0.91,CONCEPTO,NAT_PRI4_C1.1,PROPRIETARY,false,""
santillana-4-primaria-NATURALES_37,"¿Qué es un ecosistema?",Ciencias Naturales,4º Primaria,Los Ecosistemas,Concepto,CONCEPTO,NAT_PRI4_C1.3,PROPRIETARY,"Santillana",0.91,CONCEPTO,NAT_PRI4_C1.3,PROPRIETARY,false,""
santillana-4-primaria-NATURALES_49,"¿Qué es la energía?",Ciencias Naturales,4º Primaria,La Energía,Concepto,CONCEPTO,NAT_PRI4_C2.2,PROPRIETARY,"Santillana",0.91,CONCEPTO,NAT_PRI4_C2.2,PROPRIETARY,false,""
santillana-4-primaria-NATURALES_61,"¿Qué es una máquina?",Ciencias Naturales,4º Primaria,Las Máquinas,Concepto,CONCEPTO,NAT_PRI4_C2.3,PROPRIETARY,"Santillana",0.91,CONCEPTO,NAT_PRI4_C2.3,PROPRIETARY,false,""
santillana-4-primaria-SOCIALES_13,"¿Qué es el clima?",Ciencias Sociales,4º Primaria,El Clima de España,Concepto,CONCEPTO,SOC_PRI4_C1.1,PROPRIETARY,"Santillana",0.91,CONCEPTO,SOC_PRI4_C1.1,PROPRIETARY,false,""